CountryCode,Year,GDPFactor
AFG,2017,1
AFG,2018,1.026643578
AFG,2019,1.057821748646233
AFG,2020,1.0688249798705098
AFG,2021,1.1219269699206997
AFG,2022,1.1722904634499518
AFG,2023,1.2192519680839284
AFG,2024,1.2680415865393262
AFG,2025,1.3187632500008992
AFG,2026,1.3715137800009352
AFG,2027,1.4263743312009727
AFG,2028,1.4834293044490117
AFG,2029,1.5427664766269722
AFG,2030,1.604477135692051
AFG,2031,1.6686562211197333
AFG,2032,1.7354024699645225
AFG,2033,1.8048185687631035
ALB,2017,1
ALB,2018,1.040622773
ALB,2019,1.0690600890079305
ALB,2020,1.0529706053120904
ALB,2021,1.1250795981311523
ALB,2022,1.1839352773550451
ALB,2023,1.2215030532229996
ALB,2024,1.2667903680909651
ALB,2025,1.3139229112927664
ALB,2026,1.3628090805755881
ALB,2027,1.413514121823126
ALB,2028,1.4661057084749758
ALB,2029,1.5206540318469313
ALB,2030,1.5772318948117625
ALB,2031,1.6359148089655087
ALB,2032,1.6967810954089628
ALB,2033,1.759911989278863
DZA,2017,1
DZA,2018,1.014
DZA,2019,1.021100486328
DZA,2020,0.9899062861429795
DZA,2021,1.0341535400109825
DZA,2022,1.0548373285137589
DZA,2023,1.0675905881828704
DZA,2024,1.0787829431469138
DZA,2025,1.0904436730331792
DZA,2026,1.1022304455328769
DZA,2027,1.1141446230599
DZA,2028,1.126187582754682
DZA,2029,1.1383607166433773
DZA,2030,1.1506654317987655
DZA,2031,1.1631031505028895
DZA,2032,1.1756753104114572
DZA,2033,1.1883833647200173
AGO,2017,1
AGO,2018,0.988
AGO,2019,0.97631360008
AGO,2020,0.9643992214981213
AGO,2021,0.9871972902342024
AGO,2022,1.019763181499825
AGO,2023,1.0607567232139912
AGO,2024,1.1011126166033889
AGO,2025,1.1418075906423353
AGO,2026,1.1840065715258667
AGO,2027,1.2277651444126418
AGO,2028,1.2731409487803365
AGO,2029,1.3201937543492668
AGO,2030,1.3689855398120012
AGO,2031,1.4195805744726646
AGO,2032,1.4720455029034738
AGO,2033,1.52644943273001
AIA,2017,1
AIA,2018,1.109027974
AIA,2019,1.2298656147814
AIA,2020,1.1095847576557791
AIA,2021,1.195577576374102
AIA,2022,1.2523675112518717
AIA,2023,1.2930694553675575
AIA,2024,1.3253961917517463
AIA,2025,1.348590625107402
AIA,2026,1.3721909610467817
AIA,2027,1.3962043028651003
AIA,2028,1.4206378781652398
AIA,2029,1.4454990410331316
AIA,2030,1.4707952742512116
AIA,2031,1.4965341915506079
AIA,2032,1.5227235399027435
AIA,2033,1.5493712018510417
ATG,2017,1
ATG,2018,1.073891972
ATG,2019,1.1304267163239716
ATG,2020,1.017411450756885
ATG,2021,1.0983865952927032
ATG,2022,1.1333914775108072
ATG,2023,1.1689561052136963
ATG,2024,1.20128779454536
ATG,2025,1.233456443712959
ATG,2026,1.266486520087233
ATG,2027,1.3004010913707935
ATG,2028,1.3352238429840335
ATG,2029,1.3709790946066662
ATG,2030,1.407691817162218
ATG,2031,1.445387650257342
ATG,2032,1.4840929200881285
ATG,2033,1.523834657825921
ARG,2017,1
ARG,2018,0.975658717
ARG,2019,0.9550336400327819
ARG,2020,0.9453319441709798
ARG,2021,0.9332197916657503
ARG,2022,0.9465941508531058
ARG,2023,0.9682060208175276
ARG,2024,0.9982212982124101
ARG,2025,1.0301634603933916
ARG,2026,1.063127742345433
ARG,2027,1.0971468509598363
ARG,2028,1.1322545397183013
ARG,2029,1.1684856421828558
ARG,2030,1.2058761065574308
ARG,2031,1.2444630313553744
ARG,2032,1.2842847022082944
ARG,2033,1.325380629852749
ARM,2017,1
ARM,2018,1.0523762269999999
ARM,2019,1.1323206563953354
ARM,2020,1.1542870509560819
ARM,2021,1.2194183418984532
ARM,2022,1.2809081922241174
ARM,2023,1.3390941616026693
ARM,2024,1.3999232611080126
ARM,2025,1.4635155564010238
ARM,2026,1.5299965671922209
ARM,2027,1.5994975149950121
ARM,2028,1.6721555821332739
ARM,2029,1.7481141825144928
ARM,2030,1.8275232447029275
ARM,2031,1.9105395078515286
ARM,2032,1.9973268310767298
ARM,2033,2.088056516886762
AUS,2017,1
AUS,2018,1.02730304
AUS,2019,1.0462732590287618
AUS,2020,0.9765358463686358
AUS,2021,1.0362165524005955
AUS,2022,1.0962449575726365
AUS,2023,1.1411929357054649
AUS,2024,1.1785430084859598
AUS,2025,1.2114736085564997
AUS,2026,1.245324348505854
AUS,2027,1.280120938688367
AUS,2028,1.3158898078516794
AUS,2029,1.3526581232099215
AUS,2030,1.390453811077789
AUS,2031,1.4293055780811705
AUS,2032,1.4692429329604375
AUS,2033,1.5102962089829592
AUT,2017,1
AUT,2018,1.024197664
AUT,2019,1.040427919541875
AUT,2020,0.9676266289631273
AUT,2021,1.0112637267221694
AUT,2022,1.0269383144863629
AUT,2023,1.0429585521923503
AUT,2024,1.059228705606551
AUT,2025,1.076176364896256
AUT,2026,1.093395186734596
AUT,2027,1.1108895097223495
AUT,2028,1.128663741877907
AUT,2029,1.1467223617479536
AUT,2030,1.1650699195359209
AUT,2031,1.1837110382484957
AUT,2032,1.2026504148604715
AUT,2033,1.2218928214982392
AZE,2017,1
AZE,2018,1.015004017
AZE,2019,1.0378416073825
AZE,2020,1.0151768850619585
AZE,2021,1.022352345123654
AZE,2022,1.039337151848215
AZE,2023,1.0587268573804767
AZE,2024,1.0806934058568287
AZE,2025,1.1033192093425679
AZE,2026,1.1264187151573868
AZE,2027,1.1500018409113588
AZE,2028,1.1740787118533713
AZE,2029,1.1986596652183292
AZE,2030,1.2237552546653743
AZE,2031,1.2493762548090246
AZE,2032,1.2755336658451781
AZE,2033,1.3022387182739712
BHS,2017,1
BHS,2018,1.015657211
BHS,2019,1.0339473417643854
BHS,2020,0.947866175763683
BHS,2021,1.0112713385704757
BHS,2022,1.0365285157805275
BHS,2023,1.0548811974298995
BHS,2024,1.0708741405016085
BHS,2025,1.087106444298087
BHS,2026,1.1035847972581188
BHS,2027,1.1203129289934484
BHS,2028,1.1372946256492535
BHS,2029,1.154533730761077
BHS,2030,1.172034146124751
BHS,2031,1.189799832679505
BHS,2032,1.207834811404462
BHS,2033,1.226143164228722
BHR,2017,1
BHR,2018,1.016616002
BHR,2019,1.033552331534559
BHR,2020,1.0118937814629123
BHR,2021,1.043039653487284
BHR,2022,1.0686460923623782
BHR,2023,1.0975523076688494
BHR,2024,1.1301100971284335
BHR,2025,1.1647400924778228
BHR,2026,1.2004312557443435
BHR,2027,1.2372161043261927
BHR,2028,1.2751281520531113
BHR,2029,1.314201939720063
BHR,2030,1.3544730665565594
BHR,2031,1.395978222660298
BHR,2032,1.4387552224246678
BHR,2033,1.4828430389905731
BGD,2017,1
BGD,2018,1.080136677
BGD,2019,1.1652404211124012
BGD,2020,1.188763421968743
BGD,2021,1.3020650961387246
BGD,2022,1.3967977523517996
BGD,2023,1.498763988273481
BGD,2024,1.608173759417445
BGD,2025,1.7247380418598277
BGD,2026,1.8497511824319623
BGD,2027,1.9838255745892106
BGD,2028,2.127617999530037
BGD,2029,2.2818328435258466
BGD,2030,2.4472255484505947
BGD,2031,2.6246063124130314
BGD,2032,2.8148440586196335
BGD,2033,3.018870691910217
BRB,2017,1
BRB,2018,0.994169899
BRB,2019,0.9931929878904465
BRB,2020,0.9177103208107726
BRB,2021,0.9828677535883374
BRB,2022,1.0213801222471874
BRB,2023,1.0401735164965356
BRB,2024,1.0593127092000718
BRB,2025,1.0788040630493532
BRB,2026,1.0986540578094612
BRB,2027,1.1188692924731554
BRB,2028,1.1394564874546613
BRB,2029,1.160422486823827
BRB,2030,1.1817742605813855
BRB,2031,1.2035189069760828
BRB,2032,1.2256636548644428
BRB,2033,1.2482158661139484
BLR,2017,1
BLR,2018,1.031491976
BLR,2019,1.043869879712
BLR,2020,0.9827831373300636
BLR,2021,1.021259444078983
BLR,2022,1.0357642183491311
BLR,2023,1.036100790967648
BLR,2024,1.030444055717451
BLR,2025,1.0366872225744872
BLR,2026,1.0429682150002075
BLR,2027,1.0492872621689524
BLR,2028,1.0556445946435644
BLR,2029,1.0620404443838003
BLR,2030,1.068475044754795
BLR,2031,1.0749486305355767
BLR,2032,1.081461437927632
BLR,2033,1.0880137045635256
BEL,2017,1
BEL,2018,1.014581261
BEL,2019,1.0284321843629578
BEL,2020,0.9922180800158311
BEL,2021,1.023683112240076
BEL,2022,1.0374503971115756
BEL,2023,1.05145537160155
BEL,2024,1.0656239672084287
BEL,2025,1.0796327227531648
BEL,2026,1.0938256382248086
BEL,2027,1.1082051346006248
BEL,2028,1.1227736646841877
BEL,2029,1.1375337135237722
BEL,2030,1.152487798836245
BEL,2031,1.1676384714365264
BEL,2032,1.182988315672701
BEL,2033,1.1985399498668452
BLZ,2017,1
BLZ,2018,1.02080136
BLZ,2019,1.0238358645580299
BLZ,2020,0.9215355763643315
BLZ,2021,0.9967328609649495
BLZ,2022,1.0169355446342263
BLZ,2023,1.0373442369633503
BLZ,2024,1.0529676339104532
BLZ,2025,1.0688496363409088
BLZ,2026,1.0849711883957571
BLZ,2027,1.1013359032228236
BLZ,2028,1.1179474484673573
BLZ,2029,1.1348095470940185
BLZ,2030,1.151925978221268
BLZ,2031,1.1693005779683396
BLZ,2032,1.1869372403149865
BLZ,2033,1.2048399179741973
BEN,2017,1
BEN,2018,1.066972536
BEN,2019,1.1357518647238969
BEN,2020,1.2084183286854215
BEN,2021,1.2889072356225455
BEN,2022,1.3747227438156564
BEN,2023,1.4662655615702413
BEN,2024,1.56396694441377
BEN,2025,1.6680586177000576
BEN,2026,1.779078235650547
BEN,2027,1.8974868958319786
BEN,2028,2.0237763847060477
BEN,2029,2.1584712201651746
BEN,2030,2.302130830011664
BEN,2031,2.4553518754281236
BEN,2032,2.618770729089215
BEN,2033,2.7930661182070615
BTN,2017,1
BTN,2018,1.0373372810000001
BTN,2019,1.0926779459044826
BTN,2020,1.1246115910875727
BTN,2021,1.1586075974572223
BTN,2022,1.2275671731973683
BTN,2023,1.309106844686127
BTN,2024,1.4175518641193499
BTN,2025,1.5046368281836018
BTN,2026,1.5970717135862054
BTN,2027,1.6951851839332615
BTN,2028,1.7993260937382034
BTN,2029,1.9098647288169335
BTN,2030,2.0271941228845933
BTN,2031,2.151731455035288
BTN,2032,2.283919533073674
BTN,2033,2.4242283679725847
BOL,2017,1
BOL,2018,1.042236235
BOL,2019,1.07141884958
BOL,2020,1.03713344639344
BOL,2021,1.0672103163388498
BOL,2022,1.1195036218394534
BOL,2023,1.1698812848222286
BOL,2024,1.213166892360651
BOL,2025,1.258054067377995
BOL,2026,1.3046020678709807
BOL,2027,1.3528723443822068
BOL,2028,1.4029286211243484
BOL,2029,1.4548369801059493
BOL,2030,1.5086659483698692
BOL,2031,1.5644865884595542
BOL,2032,1.6223725922325576
BOL,2033,1.6824003781451622
BIH,2017,1
BIH,2018,1.036235495
BIH,2019,1.0642138533649999
BIH,2020,1.0110031606967498
BIH,2021,1.0463882713211359
BIH,2022,1.0756871429181278
BIH,2023,1.1068820700627533
BIH,2024,1.138981650094573
BIH,2025,1.1731510995974104
BIH,2026,1.2083456325853328
BIH,2027,1.2445960015628927
BIH,2028,1.2819338816097796
BIH,2029,1.3203918980580729
BIH,2030,1.3600036549998151
BIH,2031,1.4008037646498097
BIH,2032,1.442827877589304
BIH,2033,1.4861127139169832
BWA,2017,1
BWA,2018,1.044535324
BWA,2019,1.079631697307441
BWA,2020,1.0563006879060821
BWA,2021,1.1207617236430374
BWA,2022,1.1814657706368685
BWA,2023,1.2277098555387138
BWA,2024,1.2758958259205313
BWA,2025,1.325840711886774
BWA,2026,1.3777406882165903
BWA,2027,1.4316722868362384
BWA,2028,1.4877150355108621
BWA,2029,1.5459515751164732
BWA,2030,1.606467781502538
BWA,2031,1.6693528921248724
BWA,2032,1.734699637635573
BWA,2033,1.8026043786240333
BRA,2017,1
BRA,2018,1.013124911
BRA,2019,1.0246003316906687
BRA,2020,1.0099166726557736
BRA,2021,1.0282493688609917
BRA,2022,1.0539424240103559
BRA,2023,1.080266296009332
BRA,2024,1.1065614198097045
BRA,2025,1.1313885494076825
BRA,2026,1.156772707610707
BRA,2027,1.1827263920724282
BRA,2028,1.2092623808474399
BRA,2029,1.2363937386824364
BRA,2030,1.2641338234485187
BRA,2031,1.2924962927178172
BRA,2032,1.3214951104876702
BRA,2033,1.3511445540556684
BRN,2017,1
BRN,2018,1.000534153
BRN,2019,1.039244988469842
BRN,2020,1.0527226782076504
BRN,2021,1.0899987650138492
BRN,2022,1.1298970460184543
BRN,2023,1.1555853706091825
BRN,2024,1.1778680194754179
BRN,2025,1.1994100300155837
BRN,2026,1.2213460220633883
BRN,2027,1.2436832011407153
BRN,2028,1.2664289045511299
BRN,2029,1.2895906037900322
BRN,2030,1.313175906998889
BRN,2031,1.3371925614643534
BRN,2032,1.3616484561630866
BRN,2033,1.3865516243531266
BGR,2017,1
BGR,2018,1.030841898
BGR,2019,1.0655979232134623
BGR,2020,1.0581387377509681
BGR,2021,1.1220503175111265
BGR,2022,1.157282697480976
BGR,2023,1.1924640914843976
BGR,2024,1.227522535774039
BGR,2025,1.2623841757900216
BGR,2026,1.2982358863824583
BGR,2027,1.33510578555572
BGR,2028,1.3730227898655025
BGR,2029,1.4120166370976828
BGR,2030,1.4521179095912569
BGR,2031,1.4933580582236485
BGR,2032,1.5357694270772002
BGR,2033,1.5793852788061926
BFA,2017,1
BFA,2018,1.068207327
BFA,2019,1.1289733583216488
BFA,2020,1.1515068717565047
BFA,2021,1.2183411516176517
BFA,2022,1.2863499050070473
BFA,2023,1.3582475026423326
BFA,2024,1.4341387383807738
BFA,2025,1.5150017361638586
BFA,2026,1.6004241424863501
BFA,2027,1.6906630366898399
BFA,2028,1.7859899933705792
BFA,2029,1.8866918996851634
BFA,2030,1.9930718187394794
BFA,2031,2.1054499016592843
BFA,2032,2.224164351087306
BFA,2033,2.3495724390065074
BDI,2017,1
BDI,2018,1.001488441
BDI,2019,1.005684046630072
BDI,2020,1.0107124668632224
BDI,2021,1.0157660291975383
BDI,2022,1.020844859343526
BDI,2023,1.0259490836402436
BDI,2024,1.0310788290584447
BDI,2025,1.0362342232037367
BDI,2026,1.0414153943197553
BDI,2027,1.0466224712913539
BDI,2028,1.0518555836478107
BDI,2029,1.0571148615660495
BDI,2030,1.0624004358738797
BDI,2031,1.067712438053249
BDI,2032,1.0730510002435152
BDI,2033,1.0784162552447325
CPV,2017,1
CPV,2018,1.050775508
CPV,2019,1.108127166220925
CPV,2020,1.0639825358648527
CPV,2021,1.117025322128258
CPV,2022,1.1727085127855261
CPV,2023,1.2314004195849038
CPV,2024,1.2930425058109043
CPV,2025,1.3580562019912643
CPV,2026,1.426338762630478
CPV,2027,1.4980545450175187
CPV,2028,1.5733761702647087
CPV,2029,1.6524849388096827
CPV,2030,1.7355712668086363
CPV,2031,1.8228351444712632
CPV,2032,1.9144866174406046
CPV,2033,2.0107462923764965
KHM,2017,1
KHM,2018,1.075326231
KHM,2019,1.151083652182738
KHM,2020,1.132813270295521
KHM,2021,1.2014228026911304
KHM,2022,1.2810912043719946
KHM,2023,1.3649853374078178
KHM,2024,1.453669762909937
KHM,2025,1.5481161018268752
KHM,2026,1.6486987112795346
KHM,2027,1.755816270735212
KHM,2028,1.8698933622541105
KHM,2029,1.9913821534060017
KHM,2030,2.120764189527625
KHM,2031,2.2585523024247913
KHM,2032,2.405292643084721
KHM,2033,2.5615668464556767
CMR,2017,1
CMR,2018,1.040624868
CMR,2019,1.0811084096272898
CMR,2020,1.10140533783358
CMR,2021,1.1356324625237808
CMR,2022,1.1795269716192835
CMR,2023,1.2282179216769806
CMR,2024,1.2849307552475335
CMR,2025,1.3471014308378546
CMR,2026,1.4122802007457658
CMR,2027,1.4806126099784205
CMR,2028,1.5522512456589663
CMR,2029,1.6273560777554978
CMR,2030,1.7060948162959912
CMR,2031,1.7886432858668926
CMR,2032,1.8751858182316146
CMR,2033,1.965915663945666
CAN,2017,1
CAN,2018,1.020136392
CAN,2019,1.036828655271744
CAN,2020,1.0247008974485756
CAN,2021,1.038087800036528
CAN,2022,1.0555412947890779
CAN,2023,1.073485496800492
CAN,2024,1.0917347502461003
CAN,2025,1.1102942410002838
CAN,2026,1.1291692430972886
CAN,2027,1.1483651202299425
CAN,2028,1.1678873272738515
CAN,2029,1.1877414118375067
CAN,2030,1.2079330158387442
CAN,2031,1.2284678771080029
CAN,2032,1.2493518310188387
CAN,2033,1.2705908121461589
CAF,2017,1
CAF,2018,1.03819789
CAF,2019,1.069035302318435
CAF,2020,1.0801923822571526
CAF,2021,1.1232847713314025
CAF,2022,1.1796114346293374
CAF,2023,1.2387050756556477
CAF,2024,1.300712579389378
CAF,2025,1.365157269920491
CAF,2026,1.4327949165308025
CAF,2027,1.503783716403659
CAF,2028,1.578289704709589
CAF,2029,1.6564871429447143
CAF,2030,1.7385589265096544
CAF,2031,1.824697012482204
CAF,2032,1.9151028685843001
CAF,2033,2.0099879443933624
TCD,2017,1
TCD,2018,1.023026025
TCD,2019,1.0533223166844998
TCD,2020,1.088993910116973
TCD,2021,1.15232882781379
TCD,2022,1.2139783210015487
TCD,2023,1.2637032857824013
TCD,2024,1.3105806308647057
TCD,2025,1.3597293350074016
TCD,2026,1.4107211879514896
TCD,2027,1.4636253104919805
TCD,2028,1.5185134155555122
TCD,2029,1.5754599054091052
TCD,2030,1.6345419725143873
TCD,2031,1.6958397041640025
TCD,2032,1.7594361910420369
TCD,2033,1.8254176398556228
CHL,2017,1
CHL,2018,1.039389582
CHL,2019,1.051069722427725
CHL,2020,0.987913295101082
CHL,2021,1.0324317623227768
CHL,2022,1.0657550791372044
CHL,2023,1.092761352275479
CHL,2024,1.1204768147674606
CHL,2025,1.1486981858676315
CHL,2026,1.1776303666662067
CHL,2027,1.2072912602773027
CHL,2028,1.237699220739519
CHL,2029,1.26887306437334
CHL,2030,1.3008320814245968
CHL,2031,1.3335960480011926
CHL,2032,1.3671852383104752
CHL,2033,1.4016204372048346
CHN,2017,1
CHN,2018,1.067497711
CHN,2019,1.1327231053418463
CHN,2020,1.1460996205248635
CHN,2021,1.2516102438345533
CHN,2022,1.3230244534114926
CHN,2023,1.3971881304709621
CHN,2024,1.4740999502693601
CHN,2025,1.553791155649276
CHN,2026,1.6377905412267038
CHN,2027,1.7263310112038797
CHN,2028,1.8196580607994157
CHN,2029,1.9180304569302804
CHN,2030,2.0217209556920737
CHN,2031,2.1310170586269503
CHN,2032,2.2462218098760856
CHN,2033,2.3676546364269395
COL,2017,1
COL,2018,1.025153245
COL,2019,1.059210526276601
COL,2020,1.0339353820143782
COL,2021,1.0726575917117178
COL,2022,1.1134459447645855
COL,2023,1.1573157149883102
COL,2024,1.2017566384438614
COL,2025,1.2479040933601055
COL,2026,1.2958236105451335
COL,2027,1.3455832371900667
COL,2028,1.3972536334981653
COL,2029,1.4509081730244948
COL,2030,1.5066230468686355
COL,2031,1.564477371868391
COL,2032,1.6245533029481372
COL,2033,1.6869361497813455
COM,2017,1
COM,2018,1.036390123
COM,2019,1.0557240709105058
COM,2020,1.0434780179654393
COM,2021,1.0757829443584392
COM,2022,1.1144646221070924
COM,2023,1.1558034739374157
COM,2024,1.1995486832738795
COM,2025,1.2456613211115468
COM,2026,1.2935466051102227
COM,2027,1.3432726787238376
COM,2028,1.394910304953538
COM,2029,1.4485329670474172
COM,2030,1.5042169730713133
COM,2031,1.562041564499482
COM,2032,1.622089028979673
COM,2033,1.6844448174330837
COD,2017,1
COD,2018,1.058155574
COD,2019,1.1045084852508105
COD,2020,1.0797836651854165
COD,2021,1.118027531581214
COD,2022,1.1681014836931485
COD,2023,1.218782194791514
COD,2024,1.2770128670174965
COD,2025,1.3317854391578927
COD,2026,1.3889072708369825
COD,2027,1.4484791245379658
COD,2028,1.5106060845645375
COD,2029,1.5753977424088113
COD,2030,1.6429683900698908
COD,2031,1.7134372216640996
COD,2032,1.7869285436825106
COD,2033,1.8635719942666642
COG,2017,1
COG,2018,1.015902302
COG,2019,1.0067365439310045
COG,2020,0.9802998053786965
COG,2021,1.0149263335000078
COG,2022,1.0466674461616396
COG,2023,1.0403231279567728
COG,2024,1.037067141276064
COG,2025,1.030589652060735
COG,2026,1.024152621042243
COG,2027,1.0177557955199443
COG,2028,1.0113989243715564
COG,2029,1.0050817580432985
COG,2030,0.9988040485400945
COG,2031,0.9925655494158386
COG,2032,0.9863660157637194
COG,2033,0.9802052042066057
CRI,2017,1
CRI,2018,1.026603753
CRI,2019,1.0487388482616309
CRI,2020,1.0342515897377829
CRI,2021,1.0644360703492963
CRI,2022,1.0968935915961477
CRI,2023,1.1304659581779242
CRI,2024,1.1666788830183934
CRI,2025,1.2071023252942372
CRI,2026,1.248926371205934
CRI,2027,1.2921995492912413
CRI,2028,1.3369720695193479
CRI,2029,1.3832958815496192
CRI,2030,1.4312247350089065
CRI,2031,1.4808142418573649
CRI,2032,1.5321219409151399
CRI,2033,1.5852073646247937
CIV,2017,1
CIV,2018,1.06793488
CIV,2019,1.14162238672
CIV,2020,1.1827207926419199
CIV,2021,1.2856175016017668
CIV,2022,1.3816529001315034
CIV,2023,1.4714171675135335
CIV,2024,1.5655377850796863
CIV,2025,1.6625528716179396
CIV,2026,1.7655799031285373
CIV,2027,1.8749914348875727
CIV,2028,1.9911831091146135
CIV,2029,2.1145750856515644
CIV,2030,2.245613561299521
CIV,2031,2.3847723833076784
CIV,2032,2.5325547628488114
CIV,2033,2.6894950946774276
HRV,2017,1
HRV,2018,1.026949725
HRV,2019,1.056928785400358
HRV,2020,0.9747314908339265
HRV,2021,1.0226747284910385
HRV,2022,1.0582449059228454
HRV,2023,1.0818746818333613
HRV,2024,1.1036771905696245
HRV,2025,1.1252003791278764
HRV,2026,1.1471432987901797
HRV,2027,1.1695141348771818
HRV,2028,1.1923212323342842
HRV,2029,1.215573098844539
HRV,2030,1.2392784080022523
HRV,2031,1.2634460025484766
HRV,2032,1.2880848976695993
HRV,2033,1.3132042843602592
CYP,2017,1
CYP,2018,1.040570462
CYP,2019,1.0741812427571276
CYP,2020,1.0255647439152524
CYP,2021,1.0792901878052046
CYP,2022,1.1213358819520747
CYP,2023,1.1538031520903673
CYP,2024,1.1824165449120805
CYP,2025,1.2115463082402271
CYP,2026,1.241393706242216
CYP,2027,1.2719764184137337
CYP,2028,1.3033125597987738
CYP,2029,1.335420691719714
CYP,2030,1.3683198327717343
CYP,2031,1.4020294700880944
CYP,2032,1.4365695708829371
CYP,2033,1.4719605942784602
CZE,2017,1
CZE,2018,1.028460577
CZE,2019,1.0536473245578886
CZE,2020,1.0327337432782175
CZE,2021,1.0841256808068414
CZE,2022,1.1113812985992637
CZE,2023,1.1392775504465247
CZE,2024,1.1678269332993965
CZE,2025,1.1970420462790132
CZE,2026,1.2269880233978911
CZE,2027,1.257683148425476
CZE,2028,1.2891461625298017
CZE,2029,1.3213962757200683
CZE,2030,1.3544531785754756
CZE,2031,1.3883370542674733
CZE,2032,1.4230685908827656
CZE,2033,1.4586689940545987
DNK,2017,1
DNK,2018,1.023893805
DNK,2019,1.0469518187443523
DNK,2020,1.0239188787319764
DNK,2021,1.0577082017301316
DNK,2022,1.076746949361274
DNK,2023,1.0961283944497768
DNK,2024,1.1153106413526481
DNK,2025,1.1351631707687253
DNK,2026,1.1553690752084087
DNK,2027,1.1759346447471184
DNK,2028,1.196866281423617
DNK,2029,1.2181705012329576
DNK,2030,1.2398539361549041
DNK,2031,1.2619233362184616
DNK,2032,1.2843855716031503
DNK,2033,1.3072476347776862
DJI,2017,1
DJI,2018,1.084076627
DJI,2019,1.1653632454929166
DJI,2020,1.200324142857704
DJI,2021,1.3023516950006089
DJI,2022,1.3935163136506514
DJI,2023,1.4840948740379438
DJI,2024,1.5731405664802205
DJI,2025,1.6675290004690337
DJI,2026,1.767580740497176
DJI,2027,1.8736355849270065
DJI,2028,1.9860537200226271
DJI,2029,2.1052169432239847
DJI,2030,2.231529959817424
DJI,2031,2.3654217574064695
DJI,2032,2.5073470628508576
DJI,2033,2.6577878866219096
DMA,2017,1
DMA,2018,1.005327385
DMA,2019,1.1008186700599998
DMA,2020,1.051798881134171
DMA,2021,1.0846031840061332
DMA,2022,1.1230562909734703
DMA,2023,1.1518071294883379
DMA,2024,1.1707768365881672
DMA,2025,1.1883385031863118
DMA,2026,1.2061635949941685
DMA,2027,1.2242560633930442
DMA,2028,1.2426199190350127
DMA,2029,1.261259232731977
DMA,2030,1.2801781363580673
DMA,2031,1.299380823765576
DMA,2032,1.3188715517146294
DMA,2033,1.3386546408168076
DOM,2017,1
DOM,2018,1.069825276
DOM,2019,1.1238960341969015
DOM,2020,1.1469236490594772
DOM,2021,1.1985914194074994
DOM,2022,1.258877850596949
DOM,2023,1.3213561484126308
DOM,2024,1.3874239558332624
DOM,2025,1.4567951536249255
DOM,2026,1.5296349113061718
DOM,2027,1.6061166568714806
DOM,2028,1.6864224897150546
DOM,2029,1.7707436142008075
DOM,2030,1.8592807949108479
DOM,2031,1.9522448346563903
DOM,2032,2.04985707638921
DOM,2033,2.1523499302086706
ECU,2017,1
ECU,2018,1.012892919
ECU,2019,1.0143206158787605
ECU,2020,0.9741836356833677
ECU,2021,0.9986608003088607
ECU,2022,1.0142723413018297
ECU,2023,1.0313720570882545
ECU,2024,1.0526640947875383
ECU,2025,1.0778220150507967
ECU,2026,1.103581191645592
ECU,2027,1.1299559941689508
ECU,2028,1.156961135641009
ECU,2029,1.1846116807125782
ECU,2030,1.212923054068869
ECU,2031,1.2419110490340544
ECU,2032,1.271591836381479
ECU,2033,1.3019819733544253
EGY,2017,1
EGY,2018,1.05314121
EGY,2019,1.111671469472435
EGY,2020,1.1475035435077385
EGY,2021,1.1687746067005929
EGY,2022,1.234378731829176
EGY,2023,1.2962650872080326
EGY,2024,1.3650314017642868
EGY,2025,1.4422184442029162
EGY,2026,1.5237701038311007
EGY,2027,1.609933182218242
EGY,2028,1.7009684365710906
EGY,2029,1.797151368868976
EGY,2030,1.8987730596214676
EGY,2031,2.006141048771681
EGY,2032,2.1195802664111265
EGY,2033,2.239434016122745
SLV,2017,1
SLV,2018,1.02535501
SLV,2019,1.0489381752299998
SLV,2020,1.0751616296107498
SLV,2021,1.1020406703510184
SLV,2022,1.128489646439443
SLV,2023,1.1555733979539895
SLV,2024,1.1833071595048854
SLV,2025,1.2117065313330027
SLV,2026,1.2407874880849947
SLV,2027,1.2705663877990345
SLV,2028,1.3010599811062113
SLV,2029,1.3322854206527606
SLV,2030,1.3642602707484268
SLV,2031,1.3970025172463891
SLV,2032,1.4305305776603023
SLV,2033,1.4648633115241498
GNQ,2017,1
GNQ,2018,0.941971401
GNQ,2019,0.8845733175354088
GNQ,2020,0.857843030691875
GNQ,2021,0.870073128927529
GNQ,2022,0.8259340215320253
GNQ,2023,0.8153555031846803
GNQ,2024,0.8028558489299421
GNQ,2025,0.7860196326069832
GNQ,2026,0.7695364786431654
GNQ,2027,0.753398983176062
GNQ,2028,0.7375998976052769
GNQ,2029,0.7221321253365361
GNQ,2030,0.7069887185940577
GNQ,2031,0.6921628752997656
GNQ,2032,0.6776479360179507
GNQ,2033,0.6634373809640005
ERI,2017,1
ERI,2018,1.1303218
ERI,2019,1.173679904351944
ERI,2020,1.2073612219136733
ERI,2021,1.248556304704805
ERI,2022,1.2948188492084602
ERI,2023,1.3455848856340507
ERI,2024,1.3987212213800535
ERI,2025,1.4544240323749724
ERI,2026,1.5123451575738285
ERI,2027,1.5725729393388739
ERI,2028,1.6351992381872533
ERI,2029,1.7003195728983478
ERI,2030,1.7680332662007696
ERI,2031,1.8384435962612091
ERI,2032,1.911657954206188
ERI,2033,1.9877880079169747
EST,2017,1
EST,2018,1.047611468
EST,2019,1.0930199042253637
EST,2020,1.0656944066197296
EST,2021,1.0880739891587436
EST,2022,1.1152758388877122
EST,2023,1.1442730106987928
EST,2024,1.176312654998359
EST,2025,1.209249409338313
EST,2026,1.243108392799786
EST,2027,1.27791542779818
EST,2028,1.313697059776529
EST,2029,1.3504805774502717
EST,2030,1.3882940336188794
EST,2031,1.427166266560208
EST,2032,1.467126922023894
EST,2033,1.508206475840563
ETH,2017,1
ETH,2018,1.077026997
ETH,2019,1.1736051516236607
ETH,2020,1.2336635361790307
ETH,2021,1.2841122165917884
ETH,2022,1.4020580007324772
ETH,2023,1.5214448112018666
ETH,2024,1.6431008939128946
ETH,2025,1.7742057298646923
ETH,2026,1.9157715655479275
ETH,2027,2.0686330956905765
ETH,2028,2.233691616235298
ETH,2029,2.4119203385239487
ETH,2030,2.6043701275067486
ETH,2031,2.812175697809503
ETH,2032,3.036562304191869
ETH,2033,3.2788529658446843
EURO,2017,1
EURO,2018,1.019128238
EURO,2019,1.0316412096676548
EURO,2020,0.9935978998208341
EURO,2021,1.0330295866160297
EURO,2022,1.049074499885421
EURO,2023,1.06359805406468
EURO,2024,1.077961735192409
EURO,2025,1.092145977187109
EURO,2026,1.106516860984014
EURO,2027,1.1210768424889341
EURO,2028,1.1358284099234488
EURO,2029,1.1507740842501297
EURO,2030,1.16591641960336
EURO,2031,1.181258003725821
EURO,2032,1.1968014584107247
EURO,2033,1.212549439949863
FJI,2017,1
FJI,2018,1.035258945
FJI,2019,1.0404352397249998
FJI,2020,0.9780091253414999
FJI,2021,1.05624985536882
FJI,2022,1.109062348137261
FJI,2023,1.1456614056257906
FJI,2024,1.1834682320114416
FJI,2025,1.2213392154358076
FJI,2026,1.2604220703297535
FJI,2027,1.3007555765803056
FJI,2028,1.3423797550308756
FJI,2029,1.3853359071918636
FJI,2030,1.4296666562220033
FJI,2031,1.4754159892211074
FJI,2032,1.5226293008761829
FJI,2033,1.5713534385042207
FIN,2017,1
FIN,2018,1.016295733
FIN,2019,1.026256181209651
FIN,2020,0.9643665101452709
FIN,2021,0.9942245066149721
FIN,2022,1.007331499523312
FIN,2023,1.0207483119604976
FIN,2024,1.0342251294335145
FIN,2025,1.047670589776317
FIN,2026,1.0612908480414334
FIN,2027,1.0750881766920495
FIN,2028,1.0890648777345453
FIN,2029,1.1032232831025712
FIN,2030,1.1175657550461187
FIN,2031,1.1320946865256478
FIN,2032,1.1468125016113395
FIN,2033,1.1617216558875376
FRA,2017,1
FRA,2018,1.017248806
FRA,2019,1.0305767907009729
FRA,2020,0.9565777525900702
FRA,2021,0.9993401912002676
FRA,2022,1.018618358897332
FRA,2023,1.033789229859183
FRA,2024,1.0484965853385808
FRA,2025,1.0634137003871909
FRA,2026,1.0785430434244132
FRA,2027,1.0938876338490398
FRA,2028,1.109450534017292
FRA,2029,1.1252348498539846
FRA,2030,1.14124373147238
FRA,2031,1.157480373802866
FRA,2032,1.1739480172305743
FRA,2033,1.190649948242072
GAB,2017,1
GAB,2018,1.008456145
GAB,2019,1.0427663441932626
GAB,2020,1.0302929327272734
GAB,2021,1.0670573813196105
GAB,2022,1.1235717792137192
GAB,2023,1.173435070073538
GAB,2024,1.2277426261082598
GAB,2025,1.277225443364407
GAB,2026,1.3287026111884472
GAB,2027,1.3822545096882277
GAB,2028,1.4379647586035056
GAB,2029,1.49592034787575
GAB,2030,1.5562117734804197
GAB,2031,1.6189331787338088
GAB,2032,1.6841825012951115
GAB,2033,1.7520616260932418
GMB,2017,1
GMB,2018,1.065470265
GMB,2019,1.1291342911549715
GMB,2020,1.1725063683325552
GMB,2021,1.2725420896174906
GMB,2022,1.342124250778212
GMB,2023,1.4122544987573729
GMB,2024,1.485349310405715
GMB,2025,1.5596167759260007
GMB,2026,1.6375976147223008
GMB,2027,1.719477495458416
GMB,2028,1.8054513702313368
GMB,2029,1.8957239387429037
GMB,2030,1.990510135680049
GMB,2031,2.0900356424640516
GMB,2032,2.194537424587254
GMB,2033,2.304264295816617
GEO,2017,1
GEO,2018,1.048433888
GEO,2019,1.1025851670100912
GEO,2020,1.0805334636698896
GEO,2021,1.1399656297667409
GEO,2022,1.1992463709583783
GEO,2023,1.2616082147993393
GEO,2024,1.327212275962131
GEO,2025,1.3962252650964075
GEO,2026,1.4688268231096115
GEO,2027,1.5452035500426964
GEO,2028,1.6255517488506352
GEO,2029,1.710077929938968
GEO,2030,1.7989993419354704
GEO,2031,1.892544530061131
GEO,2032,1.9909539235355553
GEO,2033,2.094480453526546
DEU,2017,1
DEU,2018,1.015223693
DEU,2019,1.0209546317622087
DEU,2020,0.9499801343232918
DEU,2021,0.9989103583103045
DEU,2022,1.0147487603014476
DEU,2023,1.0282840495551515
DEU,2024,1.0410429877591914
DEU,2025,1.0528899445272482
DEU,2026,1.0648717183838543
DEU,2027,1.0769898435329168
DEU,2028,1.089245871637418
DEU,2029,1.1016413720180978
DEU,2030,1.1141779318543954
DEU,2031,1.1268571563876817
DEU,2032,1.1396806691268004
DEU,2033,1.1526501120559511
GHA,2017,1
GHA,2018,1.062634808
GHA,2019,1.1275932221932468
GHA,2020,1.1443586582197318
GHA,2021,1.211510667939162
GHA,2022,1.2519817257699597
GHA,2023,1.3414729350744836
GHA,2024,1.3998292345952958
GHA,2025,1.4598448440809606
GHA,2026,1.5224335341202522
GHA,2027,1.5877056217388947
GHA,2028,1.655776153642041
GHA,2029,1.7267651089922884
GHA,2030,1.8007976108815018
GHA,2031,1.8780041468691775
GHA,2032,1.9585207989760645
GHA,2033,2.0424894835384224
GRC,2017,1
GRC,2018,1.01934324
GRC,2019,1.0384081664611764
GRC,2020,0.934155771546241
GRC,2021,0.9814615730188893
GRC,2022,1.0299853590341854
GRC,2023,1.0616594677652194
GRC,2024,1.073563370198894
GRC,2025,1.0846602536807015
GRC,2026,1.0958718400542313
GRC,2027,1.1071993149454644
GRC,2028,1.1186438762356012
GRC,2029,1.130206734187735
GRC,2030,1.1418891115748397
GRC,2031,1.1536922438090766
GRC,2032,1.1656173790724402
GRC,2033,1.1776657784487532
GRD,2017,1
GRD,2018,1.041411528
GRD,2019,1.074136482486072
GRD,2020,0.9881983575055252
GRD,2021,1.0484349499042762
GRD,2022,1.1025772273802907
GRD,2023,1.145543062091744
GRD,2024,1.179492324730457
GRD,2025,1.2117561047039793
GRD,2026,1.244902426663027
GRD,2027,1.2789554316213583
GRD,2028,1.3139399209449343
GRD,2029,1.3498813744151656
GRD,2030,1.3868059687862562
GRD,2031,1.4247405968501667
GRD,2032,1.4637128870230791
GRD,2033,1.5037512234676285
GTM,2017,1
GTM,2018,1.030557676
GTM,2019,1.0673536378574855
GTM,2020,1.1015196278053037
GTM,2021,1.138971295150684
GTM,2022,1.1797578572300298
GTM,2023,1.2218280224188527
GTM,2024,1.2646775311650817
GTM,2025,1.308498607619952
GTM,2026,1.3538380843739835
GTM,2027,1.400748573997542
GTM,2028,1.449284512086557
GTM,2029,1.4995022204303563
GTM,2030,1.5514599723682683
GTM,2031,1.6052180604108288
GTM,2032,1.660838866204064
GTM,2033,1.718386932918035
GIN,2017,1
GIN,2018,1.061811386
GIN,2019,1.1217465518276755
GIN,2020,1.1862920940823347
GIN,2021,1.2600384249318453
GIN,2022,1.329997672282429
GIN,2023,1.3979344242017913
GIN,2024,1.467532482313888
GIN,2025,1.5403001523585138
GIN,2026,1.6166760108879183
GIN,2027,1.6968389701049202
GIN,2028,1.7809768135826824
GIN,2029,1.8692866361520437
GIN,2030,1.961975305600688
GIN,2031,2.059259947265688
GIN,2032,2.1613684526545947
GIN,2033,2.268540013286527
GNB,2017,1
GNB,2018,1.038
GNB,2019,1.0857480000000002
GNB,2020,1.0694617800000001
GNB,2021,1.1015456334
GNB,2022,1.1566229150700003
GNB,2023,1.2144540608235002
GNB,2024,1.2751767638646754
GNB,2025,1.338935602057909
GNB,2026,1.4058823821608046
GNB,2027,1.4761765012688448
GNB,2028,1.5499853263322871
GNB,2029,1.6274845926489017
GNB,2030,1.7088588222813468
GNB,2031,1.7943017633954141
GNB,2032,1.884016851565185
GNB,2033,1.9782176941434444
GUY,2017,1
GUY,2018,1.041382324
GUY,2019,1.0899368144290282
GUY,2020,1.7705136058449045
GUY,2021,1.8848744949671727
GUY,2022,2.2606376496150316
GUY,2023,2.895500912243376
GUY,2024,3.0491503699149773
GUY,2025,3.239899414523704
GUY,2026,3.442581356367721
GUY,2027,3.657942694789764
GUY,2028,3.886776628710863
GUY,2029,4.12992597806709
GUY,2030,4.388286288005831
GUY,2031,4.662809127274669
GUY,2032,4.954505592951203
GUY,2033,5.264450034422087
HTI,2017,1
HTI,2018,1.01483883
HTI,2019,1.002686731735982
HTI,2020,0.9625792624665427
HTI,2021,0.9741302136161412
HTI,2022,0.9838715157523026
HTI,2023,0.9946941024255779
HTI,2024,1.0066304316546848
HTI,2025,1.020719791869274
HTI,2026,1.0350063546172006
HTI,2027,1.0494928800549626
HTI,2028,1.064182166971746
HTI,2029,1.0790770533301495
HTI,2030,1.094180416814477
HTI,2031,1.1094951753867046
HTI,2032,1.1250242878502297
HTI,2033,1.14077075442151
HND,2017,1
HND,2018,1.036968279
HND,2019,1.0633072732866002
HND,2020,1.092441892574653
HND,2021,1.1253680912168533
HND,2022,1.160982615199593
HND,2023,1.1995613128639757
HND,2024,1.2414149883109538
HND,2025,1.2886272305586728
HND,2026,1.3376350011664047
HND,2027,1.3885065858570493
HND,2028,1.4413128673272195
HND,2029,1.4961274240127254
HND,2030,1.5530266326102067
HND,2031,1.6120897744977658
HND,2032,1.6733991462028825
HND,2033,1.737040174071532
HKG,2017,1
HKG,2018,1.028615649
HKG,2019,1.0163928941694678
HKG,2020,0.9911721229263324
HKG,2021,1.027636335324399
HKG,2022,1.0568410529605197
HKG,2023,1.0861533078878252
HKG,2024,1.1165500837225277
HKG,2025,1.148130604155337
HKG,2026,1.1806043485333562
HKG,2027,1.2139965808169433
HKG,2028,1.248333279532715
HKG,2029,1.2836411579843505
HKG,2030,1.3199476850350385
HKG,2031,1.3572811064777324
HKG,2032,1.3956704670098463
HKG,2033,1.43514563282948
HUN,2017,1
HUN,2018,1.050939988
HUN,2019,1.1027281677420047
HUN,2020,1.0685435945420025
HUN,2021,1.1134224255127665
HUN,2022,1.1434848310016112
HUN,2023,1.17092846694565
HUN,2024,1.1966888932184543
HUN,2025,1.2230160488692603
HUN,2026,1.249922401944384
HUN,2027,1.2774206947871605
HUN,2028,1.305523950072478
HUN,2029,1.3342454769740726
HUN,2030,1.363598877467502
HUN,2031,1.3935980527717873
HUN,2032,1.4242572099327666
HUN,2033,1.4555908685512875
ISL,2017,1
ISL,2018,1.038143604
ISL,2019,1.058062266006376
ISL,2020,0.9818200893593106
ISL,2021,1.0411999066170217
ISL,2022,1.064091830842694
ISL,2023,1.0854079078064809
ISL,2024,1.1081799773668028
ISL,2025,1.1301144141602593
ISL,2026,1.1524830038235314
ISL,2027,1.1752943396346756
ISL,2028,1.1985571849602874
ISL,2029,1.222280476622101
ISL,2030,1.2464733283302214
ISL,2031,1.2711450341843138
ISL,2032,1.296305072244091
ISL,2033,1.3219631081704735
IND,2017,1
IND,2018,1.061196221
IND,2019,1.1060687121896653
IND,2020,1.1267656336303278
IND,2021,1.2104270286836536
IND,2022,1.2974527364263868
IND,2023,1.3909476256395608
IND,2024,1.491191522672353
IND,2025,1.5990542041615643
IND,2026,1.7147189405049994
IND,2027,1.8387500794372766
IND,2028,1.9717527897807305
IND,2029,2.1143760141660484
IND,2030,2.267315635332692
IND,2031,2.4313178714580204
IND,2032,2.6071829170814893
IND,2033,2.795768847388621
IDN,2017,1
IDN,2018,1.051697056
IDN,2019,1.10454182521042
IDN,2020,1.099139452602599
IDN,2021,1.1960283491422807
IDN,2022,1.2619236984822435
IDN,2023,1.3264153249417558
IDN,2024,1.3937819060046244
IDN,2025,1.464665526755796
IDN,2026,1.539154078571971
IDN,2027,1.617430897572915
IDN,2028,1.6996886438105858
IDN,2029,1.786129775456718
IDN,2030,1.8769670471061817
IDN,2031,1.9724240334225756
IDN,2032,2.072735679414885
IDN,2033,2.1781488786995795
IRN,2017,1
IRN,2018,0.951550401
IRN,2019,0.8706712403394555
IRN,2020,0.8184075422507093
IRN,2021,0.8430655886134437
IRN,2022,0.8560097065698122
IRN,2023,0.8692124142235674
IRN,2024,0.878804426155337
IRN,2025,0.8885605974037246
IRN,2026,0.8984250781628463
IRN,2027,0.9083990708460071
IRN,2028,0.9184837912152731
IRN,2029,0.928680468529664
IRN,2030,0.9389903456949922
IRN,2031,0.9494146794153638
IRN,2032,0.9599547403463633
IRN,2033,0.9706118132499368
IRQ,2017,1
IRQ,2018,0.994372545
IRQ,2019,1.0332965731513415
IRQ,2020,1.003322663792208
IRQ,2021,1.0581420519814737
IRQ,2022,1.0777749053234442
IRQ,2023,1.099026334029199
IRQ,2024,1.1207908965400144
IRQ,2025,1.1378850479872717
IRQ,2026,1.155239917124692
IRQ,2027,1.172859480383289
IRQ,2028,1.1907477748420652
IRQ,2029,1.2089088991530066
IRQ,2030,1.2273470144801868
IRQ,2031,1.2460663454531917
IRQ,2032,1.2650711811350872
IRQ,2033,1.28436587600515
IRL,2017,1
IRL,2018,1.083069074
IRL,2019,1.1431079629555336
IRL,2020,1.137387942157541
IRL,2021,1.2039060764266227
IRL,2022,1.24444816253146
IRL,2023,1.2798934161659803
IRL,2024,1.314967369603057
IRL,2025,1.3493604529272516
IRL,2026,1.3846530902692025
IRL,2027,1.4208688095407063
IRL,2028,1.4580317540280923
IRL,2029,1.4961666984873963
IRL,2030,1.5352990656605037
IRL,2031,1.5754549432232747
IRL,2032,1.6166611011769498
IRL,2033,1.6589450096944267
ISR,2017,1
ISR,2018,1.034412394
ISR,2019,1.0708334854659234
ISR,2020,1.067449474964326
ISR,2021,1.1307651701201695
ISR,2022,1.1685213942736483
ISR,2023,1.2062456515101159
ISR,2024,1.2443493135597257
ISR,2025,1.2835439937366886
ISR,2026,1.3239732331627578
ISR,2027,1.3656759181493583
ISR,2028,1.4086921598541238
ISR,2029,1.453063332861266
ISR,2030,1.4988321149771535
ISR,2031,1.546042528279375
ISR,2032,1.5947399814587748
ISR,2033,1.6449713134951809
ITA,2017,1
ITA,2018,1.007980722
ITA,2019,1.0110175612793382
ITA,2020,0.9186761105570801
ITA,2021,0.9630436330303814
ITA,2022,0.97747346568199
ITA,2023,0.9840874822165926
ITA,2024,0.9903856421027788
ITA,2025,0.9963279559553955
ITA,2026,1.0023059236911278
ITA,2027,1.0083197592332747
ITA,2028,1.0143696777886744
ITA,2029,1.0204558958554064
ITA,2030,1.0265786312305387
ITA,2031,1.032738103017922
ITA,2032,1.0389345316360294
ITA,2033,1.0451681388258458
JAM,2017,1
JAM,2018,1.018861789
JAM,2019,1.028747887466472
JAM,2020,0.9815017529251474
JAM,2021,1.0198796168770663
JAM,2022,1.0397008599449162
JAM,2023,1.0620554161495488
JAM,2024,1.0831552987156328
JAM,2025,1.105634773422811
JAM,2026,1.128580780291822
JAM,2027,1.1520030015888605
JAM,2028,1.1759113205229204
JAM,2029,1.2003158254161004
JAM,2030,1.2252268139604592
JAM,2031,1.2506547975632165
JAM,2032,1.2766105057821302
JAM,2033,1.3031048908529284
JPN,2017,1
JPN,2018,1.003231886
JPN,2019,1.0097945464436748
JPN,2020,0.9576626558872553
JPN,2021,0.9865051624381812
JPN,2022,0.9971601630039112
JPN,2023,1.0057208528045112
JPN,2024,1.014792959768676
JPN,2025,1.022103468378065
JPN,2026,1.0294666414601559
JPN,2027,1.036882858406703
JPN,2028,1.0443525013425763
JPN,2029,1.0518759551454506
JPN,2030,1.059453607465637
JPN,2031,1.0670858487460566
JPN,2032,1.074773072242358
JPN,2033,1.0825156740431807
JOR,2017,1
JOR,2018,1.019401604
JOR,2019,1.0400025217945696
JOR,2020,1.0190317487047107
JOR,2021,1.049969324332274
JOR,2022,1.0797344584708068
JOR,2023,1.1099670233079895
JOR,2024,1.144376001030537
JOR,2025,1.1821404090645447
JOR,2026,1.2211510425636747
JOR,2027,1.2614490269682757
JOR,2028,1.3030768448582288
JOR,2029,1.3460783807385501
JOR,2030,1.3904989673029222
JOR,2031,1.4363854332239185
JOR,2032,1.4837861525203078
JOR,2033,1.5327510955534778
KAZ,2017,1
KAZ,2018,1.041
KAZ,2019,1.087845
KAZ,2020,1.0414808894503198
KAZ,2021,1.0846525958619
KAZ,2022,1.1247757262764135
KAZ,2023,1.1810796494773186
KAZ,2024,1.2179162954216807
KAZ,2025,1.2560813040986474
KAZ,2026,1.295442263509493
KAZ,2027,1.3360366503431396
KAZ,2028,1.377903115669837
KAZ,2029,1.4210815217419481
KAZ,2030,1.465612979947933
KAZ,2031,1.51153988995567
KAZ,2032,1.5589059800823861
KAZ,2033,1.6077563489296312
KEN,2017,1
KEN,2018,1.063197844
KEN,2019,1.1230153141770665
KEN,2020,1.1343526422853456
KEN,2021,1.2039172173656243
KEN,2022,1.2743172361731017
KEN,2023,1.3481159814692252
KEN,2024,1.4264834639251185
KEN,2025,1.5097239864157264
KEN,2026,1.5978218975545304
KEN,2027,1.691060643718051
KEN,2028,1.7897402114145915
KEN,2029,1.8941780924613656
KEN,2030,2.0047103054832363
KEN,2031,2.1216924770196393
KEN,2032,2.245500985718046
KEN,2033,2.3765341732952963
KIR,2017,1
KIR,2018,1.023130875
KIR,2019,1.0466282265666094
KIR,2020,1.0466415187450868
KIR,2021,1.069836712908266
KIR,2022,1.0901171517244281
KIR,2023,1.1108726934122162
KIR,2024,1.1307085884153438
KIR,2025,1.1505515607783159
KIR,2026,1.1707427604000455
KIR,2027,1.1912882983722346
KIR,2028,1.2121943930310373
KIR,2029,1.2334673718391092
KIR,2030,1.2551136733006847
KIR,2031,1.277139848910262
KIR,2032,1.2995525651354862
KIR,2033,1.3223586054348284
KOR,2017,1
KOR,2018,1.026649303
KOR,2019,1.0475226900361492
KOR,2020,1.0490943564169852
KOR,2021,1.0787050981306667
KOR,2022,1.110288333184724
KOR,2023,1.141305733330624
KOR,2024,1.1708365375495344
KOR,2025,1.1992029118544967
KOR,2026,1.2282565308476825
KOR,2027,1.2580140447099157
KOR,2028,1.2884925070133106
KOR,2029,1.31970938449441
KOR,2030,1.351682567064104
KOR,2031,1.3844303780600606
KOR,2032,1.4179715847475487
KOR,2033,1.452325409074668
UVK,2017,1
UVK,2018,1.038162038
UVK,2019,1.0796885195200001
UVK,2020,1.0362850410352962
UVK,2021,1.1011564846041055
UVK,2022,1.1418992745344574
UVK,2023,1.1852914469667668
UVK,2024,1.2315178133984708
UVK,2025,1.2807785259344096
UVK,2026,1.332009666971786
UVK,2027,1.3852900536506574
UVK,2028,1.4407016557966839
UVK,2029,1.4983297220285512
UVK,2030,1.5582629109096933
UVK,2031,1.6205934273460811
UVK,2032,1.6854171644399243
UVK,2033,1.7528338510175214
KWT,2017,1
KWT,2018,1.012459503
KWT,2019,1.0198917393956755
KWT,2020,1.0222189997590503
KWT,2021,1.051517961351986
KWT,2022,1.0794548945436702
KWT,2023,1.1081922960288066
KWT,2024,1.1377546365168612
KWT,2025,1.1681671706548942
KWT,2026,1.1993926412583225
KWT,2027,1.2314527783708764
KWT,2028,1.2643698928870912
KWT,2029,1.29816689207863
KWT,2030,1.3328672955356284
KWT,2031,1.3684952515341573
KWT,2032,1.4050755538411934
KWT,2033,1.4426336589687903
KGZ,2017,1
KGZ,2018,1.03459214
KGZ,2019,1.0808228597727279
KGZ,2020,1.0371147713389255
KGZ,2021,1.1199288037875914
KGZ,2022,1.209008263380352
KGZ,2023,1.2577777525371006
KGZ,2024,1.3094058565677114
KGZ,2025,1.3635583784392054
KGZ,2026,1.4199504623306292
KGZ,2027,1.4786747288230337
KGZ,2028,1.5398276289660873
KGZ,2029,1.6035096026930813
KGZ,2030,1.669825243787434
KGZ,2031,1.7388834716716437
KGZ,2032,1.8107977103008406
KGZ,2033,1.88568607445476
LAO,2017,1
LAO,2018,1.063082265
LAO,2019,1.1132646274555964
LAO,2020,1.121314855497007
LAO,2021,1.184124970733215
LAO,2022,1.2500155845995404
LAO,2023,1.3219107422041572
LAO,2024,1.3981686545344743
LAO,2025,1.482542972195126
LAO,2026,1.5720089685009915
LAO,2027,1.6668739074649237
LAO,2028,1.7674635953488393
LAO,2029,1.8741234996200116
LAO,2030,1.9872199354322422
LAO,2031,2.1071413237067964
LAO,2032,2.234299525133876
LAO,2033,2.369131254676158
LVA,2017,1
LVA,2018,1.042848252
LVA,2019,1.0657642354000174
LVA,2020,0.9740244916321181
LVA,2021,1.0547262769268013
LVA,2022,1.0827776398735307
LVA,2023,1.1129568355765278
LVA,2024,1.1455520714233813
LVA,2025,1.1801412991044136
LVA,2026,1.215774926862418
LVA,2027,1.2524844897039245
LVA,2028,1.2903024748152438
LVA,2029,1.3292623503129408
LVA,2030,1.3693985948624086
LVA,2031,1.4107467281907584
LVA,2032,1.4533433425210265
LVA,2033,1.4972261349555163
LBN,2017,1
LBN,2018,0.980735952
LBN,2019,0.9168621690090442
LBN,2020,0.8066609731627721
LBN,2021,0.70970528354027
LBN,2022,0.6244030717268128
LBN,2023,0.5493536613353348
LBN,2024,0.48332472866913745
LBN,2025,0.425232067763539
LBN,2026,0.3741217875451142
LBN,2027,0.3291546487829413
LBN,2028,0.2895922836420125
LBN,2029,0.2547850715616024
LBN,2030,0.22416147237851777
LBN,2031,0.1972186415433521
LBN,2032,0.1735141733300494
LBN,2033,0.1526588364609151
LSO,2017,1
LSO,2018,1.003807811
LSO,2019,1.016333670175545
LSO,2020,1.037464354982195
LSO,2021,1.0649482828067376
LSO,2022,1.1293316534754694
LSO,2023,1.1405888878638955
LSO,2024,1.1429871847283957
LSO,2025,1.1638445143152045
LSO,2026,1.1850824502669008
LSO,2027,1.2067079379215444
LSO,2028,1.2287280493563273
LSO,2029,1.2511499857003217
LSO,2030,1.2739810794894297
LSO,2031,1.2972287970643068
LSO,2032,1.3209007410120415
LSO,2033,1.3450046526523936
LBR,2017,1
LBR,2018,1.012423513
LBR,2019,0.9869497660389156
LBR,2020,0.9622639929441942
LBR,2021,1.0009940813396137
LBR,2022,1.0448761613754143
LBR,2023,1.096608716762805
LBR,2024,1.1553481547377618
LBR,2025,1.217730562552261
LBR,2026,1.2834812752268805
LBR,2027,1.3527821625872365
LBR,2028,1.4258249144232418
LBR,2029,1.5028115707128453
LBR,2030,1.5839550804749185
LBR,2031,1.669479890797104
LBR,2032,1.759622567667912
LBR,2033,1.8546324503303124
LBY,2017,1
LBY,2018,1.178793676
LBY,2019,1.295371564614583
LBY,2020,0.5354772775994457
LBY,2021,0.9673708308839774
LBY,2022,1.1781279108281713
LBY,2023,1.2854230592373028
LBY,2024,1.2892566522668267
LBY,2025,1.2931285813655873
LBY,2026,1.2970121387424876
LBY,2027,1.3009073593198746
LBY,2028,1.3048142781249752
LBY,2029,1.308732930290211
LBY,2030,1.3126633510535148
LBY,2031,1.3166055757586457
LBY,2032,1.320559639855509
LBY,2033,1.3245255789004735
LTU,2017,1
LTU,2018,1.036444654
LTU,2019,1.0770094435918922
LTU,2020,0.9899187841498209
LTU,2021,1.0706503999204864
LTU,2022,1.1257174467326032
LTU,2023,1.1653180994285102
LTU,2024,1.195861692779943
LTU,2025,1.2227701988683621
LTU,2026,1.2502841827509792
LTU,2027,1.2784172684973756
LTU,2028,1.3071833867371307
LTU,2029,1.3365967815578386
LTU,2030,1.3666720175583353
LTU,2031,1.3974239870606378
LTU,2032,1.4288679174841565
LTU,2033,1.4610193788858423
LUX,2017,1
LUX,2018,1.031110877
LUX,2019,1.0548031931496085
LUX,2020,1.0513954025005852
LUX,2021,1.0924007705053658
LUX,2022,1.123478473471068
LUX,2023,1.1543629135589648
LUX,2024,1.1849420979579814
LUX,2025,1.2163312117630043
LUX,2026,1.2485518231299437
LUX,2027,1.2816259584275522
LUX,2028,1.315576227503046
LUX,2029,1.3504258391384494
LUX,2030,1.3861986169163751
LUX,2031,1.4229190155060927
LUX,2032,1.4606121373810108
LUX,2033,1.4993037499790096
MAC,2017,1
MAC,2018,1.054422971
MAC,2019,1.0047529260650367
MAC,2020,0.7071879590626108
MAC,2021,0.9336067501793502
MAC,2022,0.9601481397793551
MAC,2023,0.9965517301933153
MAC,2024,1.0357223499554673
MAC,2025,1.0833426854823176
MAC,2026,1.133152503891127
MAC,2027,1.1852524730003253
MAC,2028,1.2397478891229297
MAC,2029,1.296748889874991
MAC,2030,1.3563706767685277
MAC,2031,1.4187337480388114
MAC,2032,1.4839641421765637
MAC,2033,1.552193692657251
MKD,2017,1
MKD,2018,1.027199881
MKD,2019,1.0636722285603177
MKD,2020,1.021125339417905
MKD,2021,1.0926041131771584
MKD,2022,1.1422083399154015
MKD,2023,1.1878966735120176
MKD,2024,1.229948215754343
MKD,2025,1.273488382592047
MKD,2026,1.3185698713358056
MKD,2027,1.3652472447810933
MKD,2028,1.4135769972463441
MKD,2029,1.4636176229488649
MKD,2030,1.515429686801255
MKD,2031,1.5690758977140193
MKD,2032,1.6246211844930958
MKD,2033,1.6821327744241517
MDG,2017,1
MDG,2018,1.045647828
MDG,2019,1.0953952564162273
MDG,2020,1.1126776327090973
MDG,2021,1.1657649991452617
MDG,2022,1.2264361368778527
MDG,2023,1.292220569534386
MDG,2024,1.3614848674831312
MDG,2025,1.4337200536795924
MDG,2026,1.5097877629172265
MDG,2027,1.5898913342283603
MDG,2028,1.6742448950376203
MDG,2029,1.7630739335528174
MDG,2030,1.8566159015247037
MDG,2031,1.9551208489868606
MDG,2032,2.0588520926724603
MDG,2033,2.1680869198946673
MWI,2017,1
MWI,2018,1.0317
MWI,2019,1.0781265
MWI,2020,1.1266421924999999
MWI,2021,1.18691754979875
MWI,2022,1.255402692422138
MWI,2023,1.3344930620447326
MWI,2024,1.4185661249535506
MWI,2025,1.5072265077631477
MWI,2026,1.6014281644983444
MWI,2027,1.7015174247794909
MWI,2028,1.8078622638282091
MWI,2029,1.9208536553174722
MWI,2030,2.040907008774814
MWI,2031,2.16846369682324
MWI,2032,2.3039926778746924
MWI,2033,2.447992220241861
MYS,2017,1
MYS,2018,1.047414489
MYS,2019,1.0927711248157392
MYS,2020,1.0741940156938716
MYS,2021,1.1708714771063202
MYS,2022,1.2376111513013803
MYS,2023,1.3052280439783983
MYS,2024,1.374995757746206
MYS,2025,1.447679767370321
MYS,2026,1.524205945397703
MYS,2027,1.6047773936951228
MYS,2028,1.6896079503501407
MYS,2029,1.7789227572012747
MYS,2030,1.8729588573685312
MYS,2031,1.971965824370151
MYS,2032,2.076206424495262
MYS,2033,2.185957314190383
MDV,2017,1
MDV,2018,1.068888173
MDV,2019,1.129354899035685
MDV,2020,1.0381666578247428
MDV,2021,1.1752090501789045
MDV,2022,1.2502396702805432
MDV,2023,1.3241427224563806
MDV,2024,1.3952143775884003
MDV,2025,1.4702755940202836
MDV,2026,1.549375033038414
MDV,2027,1.6327299472058492
MDV,2028,1.7205692770684535
MDV,2029,1.8131342799573387
MDV,2030,1.910679192620283
MDV,2031,2.013471929502096
MDV,2032,2.121794818591807
MDV,2033,2.2359453768577375
MLI,2017,1
MLI,2018,1.047469255
MLI,2019,1.1008901870049999
MLI,2020,1.1529662384407666
MLI,2021,1.210614550362805
MLI,2022,1.2711452778809453
MLI,2023,1.3347025417749927
MLI,2024,1.4014376688637424
MLI,2025,1.4715095523069295
MLI,2026,1.545085029922276
MLI,2027,1.62233928141839
MLI,2028,1.7034562454893096
MLI,2029,1.7886290577637751
MLI,2030,1.8780605106519639
MLI,2031,1.9719635361845622
MLI,2032,2.0705617129937903
MLI,2033,2.17408979864348
MLT,2017,1
MLT,2018,1.073142219
MLT,2019,1.1201898223409077
MLT,2020,1.0886632996778394
MLT,2021,1.1650650629791697
MLT,2022,1.2271840952122979
MLT,2023,1.267133225292687
MLT,2024,1.3071121934208598
MLT,2025,1.3482498113679082
MLT,2026,1.3906821181862525
MLT,2027,1.4344498605053069
MLT,2028,1.4795950673381104
MLT,2029,1.5261610904406848
MLT,2030,1.5741926459415867
MLT,2031,1.6237358572816307
MLT,2032,1.6748382995050182
MLT,2033,1.727549044944402
MHL,2017,1
MHL,2018,1.036247584
MHL,2019,1.0612270905455516
MHL,2020,1.0760842698131892
MHL,2021,1.111568148610279
MHL,2022,1.142692056771367
MHL,2023,1.1689739740771083
MHL,2024,1.1923534535586506
MHL,2025,1.2138158157227064
MHL,2026,1.235664500405715
MHL,2027,1.257906461413018
MHL,2028,1.2805487777184523
MHL,2029,1.3035986557173844
MHL,2030,1.3270634315202974
MHL,2031,1.3509505732876628
MHL,2032,1.3752676836068407
MHL,2033,1.4000225019117638
MRT,2017,1
MRT,2018,1.04702251
MRT,2019,1.1076095250338849
MRT,2020,1.1717471808668976
MRT,2021,1.2447305097714023
MRT,2022,1.3384534046473733
MRT,2023,1.4244590502043404
MRT,2024,1.5118435304942324
MRT,2025,1.60528029706623
MRT,2026,1.7044917547165934
MRT,2027,1.8098347978272025
MRT,2028,1.921688377994442
MRT,2029,2.0404548672356198
MRT,2030,2.1665615054459018
MRT,2031,2.3004619373127144
MRT,2032,2.442637844216378
MRT,2033,2.593600676987414
MUS,2017,1
MUS,2018,1.037613846
MUS,2019,1.073747710573104
MUS,2020,1.0007328662541328
MUS,2021,1.0597761053631265
MUS,2022,1.113824686736646
MUS,2023,1.1583776742061118
MUS,2024,1.202396025825944
MUS,2025,1.24808707480733
MUS,2026,1.2955143836500087
MUS,2027,1.344743930228709
MUS,2028,1.3958441995774
MUS,2029,1.4488862791613413
MUS,2030,1.5039439577694722
MUS,2031,1.5610938281647122
MUS,2032,1.6204153936349714
MUS,2033,1.6819911785931003
MEX,2017,1
MEX,2018,1.021359553
MEX,2019,1.01987243510636
MEX,2020,0.9522523562360623
MEX,2021,0.9810519127376658
MEX,2022,1.0007722226544171
MEX,2023,1.0238920625421795
MEX,2024,1.0482140942551328
MEX,2025,1.0733412997155805
MEX,2026,1.0990708405746
MEX,2027,1.125417155681467
MEX,2028,1.1523950300055246
MEX,2029,1.1800196029331804
MEX,2030,1.2083063767637954
MEX,2031,1.2372712254092317
MEX,2032,1.2669304033019406
MEX,2033,1.2973005545165905
FSM,2017,1
FSM,2018,1.002116584
FSM,2019,1.0139742838082506
FSM,2020,1.0100837821022952
FSM,2021,1.0240772919137056
FSM,2022,1.0302217556651878
FSM,2023,1.0364030861991789
FSM,2024,1.0426215047163738
FSM,2025,1.0488772337446721
FSM,2026,1.0551704971471403
FSM,2027,1.061501520130023
FSM,2028,1.0678705292508033
FSM,2029,1.074277752426308
FSM,2030,1.0807234189408659
FSM,2031,1.087207759454511
FSM,2032,1.0937310060112382
FSM,2033,1.1002933920473055
MDA,2017,1
MDA,2018,1.040019496
MDA,2019,1.0772572307712192
MDA,2020,1.0449395138480826
MDA,2021,1.0877820339158537
MDA,2022,1.1291177512046562
MDA,2023,1.1720242257504332
MDA,2024,1.2165611463289498
MDA,2025,1.2627904698894499
MDA,2026,1.3107765077452491
MDA,2027,1.3605860150395686
MDA,2028,1.4122882836110722
MDA,2029,1.465955238388293
MDA,2030,1.5216615374470481
MDA,2031,1.579484675870036
MDA,2032,1.6395050935530975
MDA,2033,1.7018062871081152
MNG,2017,1
MNG,2018,1.072466285
MNG,2019,1.1271531651373008
MNG,2020,1.1158816334859278
MNG,2021,1.2051521641648022
MNG,2022,1.271435533193866
MNG,2023,1.3477216651854982
MNG,2024,1.4151077484447732
MNG,2025,1.478787597124788
MNG,2026,1.5453330389954032
MNG,2027,1.6148730257501962
MNG,2028,1.687542311908955
MNG,2029,1.7634817159448577
MNG,2030,1.8428383931623762
MNG,2031,1.925766120854683
MNG,2032,2.0124255962931437
MNG,2033,2.102984748126335
MNE,2017,1
MNE,2018,1.050778874
MNE,2019,1.088698013890818
MNE,2020,1.0015666910225818
MNE,2021,1.061660692483937
MNE,2022,1.1041271201832943
MNE,2023,1.1372509337887933
MNE,2024,1.171368461802457
MNE,2025,1.2065095156565306
MNE,2026,1.2427048011262267
MNE,2027,1.2799859451600135
MNE,2028,1.318385523514814
MNE,2029,1.3579370892202585
MNE,2030,1.3986752018968662
MNE,2031,1.4406354579537723
MNE,2032,1.4838545216923855
MNE,2033,1.528370157343157
0,2017,1
0,2018,1.039919083
0,2019,1.086648685169386
0,2020,1.0111178420750626
0,2021,0.9870997175097584
0,2022,1.008815911294973
0,2023,1.0310098613434626
0,2024,1.0536920782930188
0,2025,1.0768733040154652
0,2026,1.1005645167038054
0,2027,1.1247769360712891
0,2028,1.1495220286648575
0,2029,1.1748115132954844
0,2030,1.2006573665879852
0,2031,1.2270718286529207
0,2032,1.254067408883285
0,2033,1.2816568918787175
MAR,2017,1
MAR,2018,1.029902638
MAR,2019,1.055107957121385
MAR,2020,1.0468905853767836
MAR,2021,1.089251174574187
MAR,2022,1.1295445503340658
MAR,2023,1.1737075599720563
MAR,2024,1.2204036490482066
MAR,2025,1.2707099518001541
MAR,2026,1.3230899324688665
MAR,2027,1.3776290702064033
MAR,2028,1.434416367704028
MAR,2029,1.493544496436145
MAR,2030,1.5551099478913415
MAR,2031,1.6192131910373286
MAR,2032,1.6859588362767532
MAR,2033,1.7554558061614354
MOZ,2017,1
MOZ,2018,1.034281737
MOZ,2019,1.0572831285491429
MOZ,2020,1.080543357377224
MOZ,2021,1.1313288951739535
MOZ,2022,1.1765820509809115
MOZ,2023,1.2778157059921424
MOZ,2024,1.4182205930552887
MOZ,2025,1.5776977415690412
MOZ,2026,1.755107897840978
MOZ,2027,1.9524676063745106
MOZ,2028,2.17202016960396
MOZ,2029,2.416261146542935
MOZ,2030,2.6879667187241276
MOZ,2031,2.9902252458538916
MOZ,2032,3.326472369861082
MOZ,2033,3.7005300663526945
MMR,2017,1
MMR,2018,1.064049773
MMR,2019,1.133213008245
MMR,2020,1.1769178575769474
MMR,2021,1.2415339244972374
MMR,2022,1.3136500687756432
MMR,2023,1.3907176883574888
MMR,2024,1.4753297452262408
MMR,2025,1.5655768533821748
MMR,2026,1.6613444497929293
MMR,2027,1.7629702271690448
MMR,2028,1.870812535156008
MMR,2029,1.9852516439355918
MMR,2030,2.106691085122705
MMR,2031,2.2355590746859844
MMR,2032,2.372310022909581
MMR,2033,2.5174261367205286
NAM,2017,1
NAM,2018,1.003419334
NAM,2019,0.9894289572449995
NAM,2020,0.9882683244269954
NAM,2021,1.0234842195917957
NAM,2022,1.0500587335294103
NAM,2023,1.0844562897573897
NAM,2024,1.1133164033732277
NAM,2025,1.1429445573110093
NAM,2026,1.173361191058395
NAM,2027,1.2045872880492992
NAM,2028,1.2366443901396695
NAM,2029,1.2695546124685049
NAM,2030,1.3033406587143606
NAM,2031,1.3380258367578688
NAM,2032,1.3736340747610785
NAM,2033,1.410189937674705
NPL,2017,1
NPL,2018,1.066575327
NPL,2019,1.141783835606708
NPL,2020,1.1758552144592371
NPL,2021,1.2580125134331628
NPL,2022,1.3288878276149378
NPL,2023,1.3998580853590235
NPL,2024,1.4743834123395818
NPL,2025,1.55260455667957
NPL,2026,1.6349756035283967
NPL,2027,1.7217167195811176
NPL,2028,1.813059752138179
NPL,2029,1.9092488488019714
NPL,2030,2.010541110050431
NPL,2031,2.1172072764319294
NPL,2032,2.2295324522182343
NPL,2033,2.3478168674497613
NLD,2017,1
NLD,2018,1.025973704
NLD,2019,1.0439119308381064
NLD,2020,1.0074806759365882
NLD,2021,1.045969117655964
NLD,2022,1.060648463722786
NLD,2023,1.0759308807512435
NLD,2024,1.0925192753544344
NLD,2025,1.109388789008833
NLD,2026,1.126518783642703
NLD,2027,1.1439132813246153
NLD,2028,1.161576366227619
NLD,2029,1.179512185588194
NLD,2030,1.1977249506800083
NLD,2031,1.216218937802712
NLD,2032,1.234998489285998
NLD,2033,1.2540680145091687
NZL,2017,1
NZL,2018,1.031658451
NZL,2019,1.054144174258753
NZL,2020,1.0408831723145995
NZL,2021,1.082725085372159
NZL,2022,1.1242082916410325
NZL,2023,1.1654811471703488
NZL,2024,1.1951160146180648
NZL,2025,1.2252813941652527
NZL,2026,1.2562081643323435
NZL,2027,1.2879155430335414
NZL,2028,1.3204232332536787
NZL,2029,1.3537514352916638
NZL,2030,1.3879208593129575
NZL,2031,1.4229527382188847
NZL,2032,1.4588688408407717
NZL,2033,1.4956914854671108
NIC,2017,1
NIC,2018,0.961842898
NIC,2019,0.9065380124764173
NIC,2020,0.8956595563267004
NIC,2021,0.8956595563267004
NIC,2022,0.902824832777314
NIC,2023,0.9150129680198077
NIC,2024,0.9310256949601544
NIC,2025,0.9500186191373415
NIC,2026,0.9693989989677433
NIC,2027,0.9891747385466853
NIC,2028,1.0093539032130376
NIC,2029,1.0299447228385834
NIC,2030,1.0509555951844907
NIC,2031,1.0723950893262542
NIC,2032,1.0942719491485098
NIC,2033,1.1165950969111393
NER,2017,1
NER,2018,1.07004562
NER,2019,1.1324622391911872
NER,2020,1.1776174326493984
NER,2021,1.2644455777191408
NER,2022,1.4291512306785814
NER,2023,1.5187976585205574
NER,2024,1.6252917604545698
NER,2025,1.7526846965999807
NER,2026,1.8900628923613079
NER,2027,2.0382090081639572
NER,2028,2.197967050594081
NER,2029,2.3702471808075853
NER,2030,2.5560308998298296
NER,2031,2.7563766402873138
NER,2032,2.972425796428125
NER,2033,3.20540922678492
NGA,2017,1
NGA,2018,1.019227572
NGA,2019,1.0417364964106368
NGA,2020,1.031826290442443
NGA,2021,1.0558067073020432
NGA,2022,1.077767002198647
NGA,2023,1.0991374351468877
NGA,2024,1.1207243009249839
NGA,2025,1.1432854516498483
NGA,2026,1.1663007778767607
NGA,2027,1.1897794225518934
NGA,2028,1.2137307126768428
NGA,2029,1.238164163013825
NGA,2030,1.2630894798654582
NGA,2031,1.2885165649306394
NGA,2032,1.3144555192380383
NGA,2033,1.3409166471587795
NOR,2017,1
NOR,2018,1.012895011
NOR,2019,1.0245582985242427
NOR,2020,0.9779266853177891
NOR,2021,1.0164366998509562
NOR,2022,1.0421113359147531
NOR,2023,1.0625944781615866
NOR,2024,1.0789244428531075
NOR,2025,1.0955697773482813
NOR,2026,1.112471911253545
NOR,2027,1.1296348063959825
NOR,2028,1.1470624857246008
NOR,2029,1.1647590342533016
NOR,2030,1.1827286000184007
NOR,2031,1.2009753950509192
NOR,2032,1.2195036963638757
NOR,2033,1.2383178469548095
OMN,2017,1
OMN,2018,1.0176408750000001
OMN,2019,1.0224125208103731
OMN,2020,0.9933397903454588
OMN,2021,1.022861668126684
OMN,2022,1.0487255406260168
OMN,2023,1.074009783804112
OMN,2024,1.1073636065762384
OMN,2025,1.1279401509810147
OMN,2026,1.1488990397008176
OMN,2027,1.1702473772898598
OMN,2028,1.1919924003160614
OMN,2029,1.2141414798140706
OMN,2030,1.236702123783866
OMN,2031,1.2596819797357854
OMN,2032,1.2830888372828466
OMN,2033,1.3069306307812367
PAK,2017,1
PAK,2018,1.055276529
PAK,2019,1.090039999272666
PAK,2020,1.1096657497941704
PAK,2021,1.135178922832321
PAK,2022,1.177714902345925
PAK,2023,1.2312050043461538
PAK,2024,1.292449219013306
PAK,2025,1.3574260294738987
PAK,2026,1.4256694950846684
PAK,2027,1.4973438442186995
PAK,2028,1.57262156169406
PAK,2029,1.651683803859711
PAK,2030,1.7347208345495169
PAK,2031,1.8219324829534802
PAK,2032,1.913528624508073
PAK,2033,2.0097296859629292
PLW,2017,1
PLW,2018,1.0515830369999999
PLW,2019,1.0568409521849997
PLW,2020,0.9305614913615147
PLW,2021,1.0649304762435554
PLW,2022,1.0848462224283613
PLW,2023,1.10486309543518
PLW,2024,1.1249894605694488
PLW,2025,1.1452332082914958
PLW,2026,1.1658412343789832
PLW,2027,1.186820093879393
PLW,2028,1.208176459795736
PLW,2029,1.2299171252091174
PLW,2030,1.2520490054394937
PLW,2031,1.2745791402453144
PLW,2032,1.297514696062743
PLW,2033,1.3208629682851754
PAN,2017,1
PAN,2018,1.036921969
PAN,2019,1.0680963156325922
PAN,2020,1.0786821733567817
PAN,2021,1.1219527159095917
PAN,2022,1.178050351705071
PAN,2023,1.2369528692903249
PAN,2024,1.298800512754841
PAN,2025,1.3637405383925831
PAN,2026,1.4319275653122123
PAN,2027,1.5035239435778232
PAN,2028,1.5787001407567143
PAN,2029,1.6576351477945501
PAN,2030,1.7405169051842777
PAN,2031,1.8275427504434916
PAN,2032,1.9189198879656664
PAN,2033,2.01486588236395
PNG,2017,1
PNG,2018,0.991508077
PNG,2019,1.041336738783584
PNG,2020,1.0313290813958618
PNG,2021,1.061436125695967
PNG,2022,1.09238919527545
PNG,2023,1.1283276910249793
PNG,2024,1.1661120793972712
PNG,2025,1.202225239962322
PNG,2026,1.2394567839049562
PNG,2027,1.2778413462823022
PNG,2028,1.317414634759689
PNG,2029,1.358213462828098
PNG,2030,1.400275784050323
PNG,2031,1.4436407273676917
PNG,2032,1.488348633500199
PNG,2033,1.5344410924739091
PRY,2017,1
PRY,2018,1.036808504
PRY,2019,1.038882121008
PRY,2020,1.04927094221808
PRY,2021,1.0964881346178934
PRY,2022,1.1403476600026092
PRY,2023,1.1859615664027137
PRY,2024,1.2334000290588223
PRY,2025,1.276569030075881
PRY,2026,1.3212489461285366
PRY,2027,1.3674926592430352
PRY,2028,1.4153549023165415
PRY,2029,1.4648923238976204
PRY,2030,1.516163555234037
PRY,2031,1.569229279667228
PRY,2032,1.6241523044555808
PRY,2033,1.6809976351115261
PER,2017,1
PER,2018,1.039690667
PER,2019,1.0621698033158469
PER,2020,1.0408650648190487
PER,2021,1.0877752222548867
PER,2022,1.1304680446950348
PER,2023,1.172298238259457
PER,2024,1.2157092638032694
PER,2025,1.260656587059821
PER,2026,1.3072657072015987
PER,2027,1.3555980643475614
PER,2028,1.4057173701868277
PER,2029,1.4576896919633948
PER,2030,1.5115835395659447
PER,2031,1.5674699558375473
PER,2032,1.6254226102242988
PER,2033,1.68551789588635
PHL,2017,1
PHL,2018,1.062437377
PHL,2019,1.1251792072603448
PHL,2020,1.1324745564404013
PHL,2021,1.2187182219696442
PHL,2022,1.2974637828384497
PHL,2023,1.3819385500980839
PHL,2024,1.4716686037151103
PHL,2025,1.5674436279400183
PHL,2026,1.6694516146961142
PHL,2027,1.7780982002359556
PHL,2028,1.8938154192973407
PHL,2029,2.017063423095769
PHL,2030,2.1483323091224835
PHL,2031,2.2881440700243214
PHL,2032,2.437054669315113
PHL,2033,2.595656252172733
POL,2017,1
POL,2018,1.051479998
POL,2019,1.094536066149864
POL,2020,1.074740015412533
POL,2021,1.1285428407848836
POL,2022,1.168327744127096
POL,2023,1.2011907227776792
POL,2024,1.2335892545679181
POL,2025,1.2664526631988604
POL,2026,1.300191568777304
POL,2027,1.334829294961293
POL,2028,1.370389786762294
POL,2029,1.4068976270983498
POL,2030,1.4443780537882132
POL,2031,1.4828569769982192
POL,2032,1.5223609971539438
POL,2033,1.5629174233290428
PRT,2017,1
PRT,2018,1.02637223
PRT,2019,1.0485067507894061
PRT,2020,0.9646262107262537
PRT,2021,1.0128575212625663
PRT,2022,1.0331146716878177
PRT,2023,1.0506776211065105
PRT,2024,1.0674884630442147
PRT,2025,1.0835007899898779
PRT,2026,1.0997533018397259
PRT,2027,1.1162496013673218
PRT,2028,1.1329933453878314
PRT,2029,1.1499882455686488
PRT,2030,1.1672380692521784
PRT,2031,1.184746640290961
PRT,2032,1.2025178398953251
PRT,2033,1.220555607493755
PRI,2017,1
PRI,2018,0.950943738
PRI,2019,0.9129059884799999
PRI,2020,0.9311641082495999
PRI,2021,0.9311641082495999
PRI,2022,0.9293017800331007
PRI,2023,0.9265138746930015
PRI,2024,0.9237343330689225
PRI,2025,0.9209631300697156
PRI,2026,0.9182002406795066
PRI,2027,0.915445639957468
PRI,2028,0.9126993030375956
PRI,2029,0.9099612051284828
PRI,2030,0.9072313215130974
PRI,2031,0.904509627548558
PRI,2032,0.9017960986659124
PRI,2033,0.8990907103699146
QAT,2017,1
QAT,2018,1.014933789
QAT,2019,1.0192503227032927
QAT,2020,1.0110146078425457
QAT,2021,1.038679828577905
QAT,2022,1.0608631504958446
QAT,2023,1.0736657021609122
QAT,2024,1.1010674965114005
QAT,2025,1.1284840551531845
QAT,2026,1.1565832855568179
QAT,2027,1.185382186235517
QAT,2028,1.2148981789651376
QAT,2029,1.245149119323406
QAT,2030,1.2761533074915765
QAT,2031,1.3079294993250505
QAT,2032,1.3404969176996544
QAT,2033,1.3738752641404375
ROU,2017,1
ROU,2018,1.044368594
ROU,2019,1.0869608538298543
ROU,2020,1.0836999712683648
ROU,2021,1.122714744850084
ROU,2022,1.156399925835687
ROU,2023,1.1910919710231547
ROU,2024,1.2268258950417967
ROU,2025,1.2636315404857843
ROU,2026,1.3015413813514884
ROU,2027,1.3405885442833312
ROU,2028,1.3808071497485204
ROU,2029,1.422232341852438
ROU,2030,1.4649003190485093
ROU,2031,1.5088483657693903
ROU,2032,1.554114885007115
ROU,2033,1.600739431870667
RUS,2017,1
RUS,2018,1.025349847
RUS,2019,1.03905113354733
RUS,2020,0.98225295255720535
RUS,2021,1.0165912270627313
RUS,2022,1.047587093575874
RUS,2023,1.0773909463881077
RUS,2024,1.1064266323932672
RUS,2025,1.1287764503676112
RUS,2026,1.1515777346650369
RUS,2027,1.1748396049052707
RUS,2028,1.1985713649243572
RUS,2029,1.222782506495829
RUS,2030,1.247482713127045
RUS,2031,1.2726818639322113
RUS,2032,1.298390037583642
RUS,2033,1.3246175163428313
RWA,2017,1
RWA,2018,1.086060063
RWA,2019,1.1953495746842884
RWA,2020,1.2371868097982384
RWA,2021,1.3194597326498214
RWA,2022,1.4247827808453057
RWA,2023,1.5477497558289013
RWA,2024,1.6583537828206458
RWA,2025,1.7583149343113045
RWA,2026,1.8643014779172344
RWA,2027,1.976676608235551
RWA,2028,2.0958254122668585
RWA,2029,2.2221561890310575
RWA,2030,2.356101848726074
RWA,2031,2.4981213962241604
RWA,2032,2.6487015039893955
RWA,2033,2.8083581798064725
WSM,2017,1
WSM,2018,0.978319009
WSM,2019,1.0122110337837062
WSM,2020,0.9750796196800215
WSM,2021,0.9799550177784215
WSM,2022,0.9966142530806547
WSM,2023,1.0187989481443136
WSM,2024,1.041477475895541
WSM,2025,1.064660829080579
WSM,2026,1.0883602451448842
WSM,2027,1.1125872116801445
WSM,2028,1.1373534719925515
WSM,2029,1.162671030795021
WSM,2030,1.188552160026122
WSM,2031,1.2150094047985374
WSM,2032,1.2420555894799359
WSM,2033,1.2697038239092058
SMR,2017,1
SMR,2018,1.016955777
SMR,2019,1.028142290547
SMR,2020,0.9641918400749764
SMR,2021,1.0008311299978256
SMR,2022,1.0086809027615056
SMR,2023,1.0159094369233068
SMR,2024,1.021877643776506
SMR,2025,1.0269870319953884
SMR,2026,1.0321219671553652
SMR,2027,1.0372825769911418
SMR,2028,1.0424689898760975
SMR,2029,1.0476813348254779
SMR,2030,1.0529197414996052
SMR,2031,1.058184340207103
SMR,2032,1.0634752619081385
SMR,2033,1.0687926382176791
STP,2017,1
STP,2018,1.026576938
STP,2019,1.049161630636
STP,2020,1.08588228770826
STP,2021,1.1293175792165904
STP,2022,1.1801368702813368
STP,2023,1.2332430294439969
STP,2024,1.2887389657689767
STP,2025,1.3467322192285807
STP,2026,1.4073351690938667
STP,2027,1.4706652517030905
STP,2028,1.5368451880297296
STP,2029,1.6060032214910673
STP,2030,1.6782733664581653
STP,2031,1.7537956679487825
STP,2032,1.8327164730064776
STP,2033,1.915188714291769
SAU,2017,1
SAU,2018,1.024341108
SAU,2019,1.0277361401216876
SAU,2020,1.0405502523602055
SAU,2021,1.0566804097329336
SAU,2022,1.0794019264497514
SAU,2023,1.1048720998507404
SAU,2024,1.1315417346200787
SAU,2025,1.159552277417594
SAU,2026,1.188256202070861
SAU,2027,1.217670672774139
SAU,2028,1.2478132786095932
SAU,2029,1.2787020440651045
SAU,2030,1.31035543981244
SAU,2031,1.3427923937522315
SAU,2032,1.376032302332363
SAU,2033,1.4100950421465381
SEN,2017,1
SEN,2018,1.063627705
SEN,2019,1.127647207675067
SEN,2020,1.1729623500914563
SEN,2021,1.2665296353467292
SEN,2022,1.3770631139848688
SEN,2023,1.533168758112295
SEN,2024,1.6546968071041799
SEN,2025,1.7554340007977254
SEN,2026,1.8623040293101225
SEN,2027,1.9756802568531013
SEN,2028,2.095958777882842
SEN,2029,2.223559800906982
SEN,2030,2.3589291165371686
SEN,2031,2.502539654915991
SEN,2032,2.654893137959352
SEN,2033,2.816521832186619
SRB,2017,1
SRB,2018,1.043922372
SRB,2019,1.0876324612968473
SRB,2020,1.087737961645593
SRB,2021,1.1637744967009576
SRB,2022,1.2195854463628748
SRB,2023,1.2689183813690559
SRB,2024,1.3199188974164915
SRB,2025,1.3722032277992016
SRB,2026,1.4265586333130573
SRB,2027,1.4830671529201618
SRB,2028,1.5418140752915257
SRB,2029,1.6028880675338069
SRB,2030,1.6663813090151407
SRB,2031,1.732389630492054
SRB,2032,1.8010126587474384
SRB,2033,1.8723539669578937
SYC,2017,1
SYC,2018,1.040887624
SYC,2019,1.0815516102508138
SYC,2020,1.1060797287795607
SYC,2021,1.1566517081505485
SYC,2022,1.2031074419103698
SYC,2023,1.2492549763105685
SYC,2024,1.2939612396395106
SYC,2025,1.340207088265994
SYC,2026,1.3881057518684343
SYC,2027,1.4377163016375625
SYC,2028,1.4890999199535808
SYC,2029,1.5423199758395418
SYC,2030,1.597442103111413
SYC,2031,1.654534281321205
SYC,2032,1.7136669195929857
SYC,2033,1.7749129434551751
SLE,2017,1
SLE,2018,1.034582936
SLE,2019,1.0875988236004084
SLE,2020,1.0691405009530248
SLE,2021,1.119712814935765
SLE,2022,1.1701774877059494
SLE,2023,1.2220699936877144
SLE,2024,1.2770358814662424
SLE,2025,1.3358740096822723
SLE,2026,1.397423044758641
SLE,2027,1.4618078889692359
SLE,2028,1.5291591993330624
SLE,2029,1.5996136527582685
SLE,2030,1.6733142234024072
SLE,2031,1.7504104728117937
SLE,2032,1.8310588534287358
SLE,2033,1.915423026082552
SGP,2017,1
SGP,2018,1.03438111
SGP,2019,1.0419663290833598
SGP,2020,1.0058123199783473
SGP,2021,1.0356026503176834
SGP,2022,1.05833897511256
SGP,2023,1.083619292784872
SGP,2024,1.1110285358065173
SGP,2025,1.1390253038832785
SGP,2026,1.1677275615109224
SGP,2027,1.1971530862952442
SGP,2028,1.227320103819287
SGP,2029,1.2582472989319056
SGP,2030,1.289953827320788
SGP,2031,1.3224593273771068
SGP,2032,1.355783932359147
SGP,2033,1.3899482828624437
SVK,2017,1
SVK,2018,1.040336667
SVK,2019,1.0640163181350104
SVK,2020,1.035287877545365
SVK,2021,1.0932639986879056
SVK,2022,1.1233178260118362
SVK,2023,1.158140678618203
SVK,2024,1.187094195583658
SVK,2025,1.2191457388644167
SVK,2026,1.2520626738137557
SVK,2027,1.2858683660067272
SVK,2028,1.3205868118889086
SVK,2029,1.356242655809909
SVK,2030,1.3928612075167763
SVK,2031,1.4304684601197293
SVK,2032,1.4690911085429619
SVK,2033,1.5087565684736217
SVN,2017,1
SVN,2018,1.041184503
SVN,2019,1.0666183258551398
SVN,2020,0.9808686185660517
SVN,2021,1.0343104988076044
SVN,2022,1.0699767808159408
SVN,2023,1.1004167514090082
SVN,2024,1.129521785209117
SVN,2025,1.1560440986723521
SVN,2026,1.183189182869763
SVN,2027,1.210971661087809
SVN,2028,1.2394064999825
SVN,2029,1.2685090176420608
SVN,2030,1.2982948918389134
SVN,2031,1.328780168475427
SVN,2032,1.3599812702279803
SVN,2033,1.3919150053939977
SLB,2017,1
SLB,2018,1.038629839
SLB,2019,1.051505481765662
SLB,2020,1.0297413172050336
SLB,2021,1.0685292033044684
SLB,2022,1.098692738760722
SLB,2023,1.1303361213095122
SLB,2024,1.163981571786413
SLB,2025,1.1976322452712926
SLB,2026,1.2322557587507506
SLB,2027,1.2678802370008178
SLB,2028,1.3045346178839847
SLB,2029,1.3422486758555068
SLB,2030,1.3810530461492778
SLB,2031,1.4209792496629152
SLB,2032,1.462059718562272
SLB,2033,1.5043278226261754
ZAF,2017,1
ZAF,2018,1.007870556
ZAF,2019,1.00940846467353
ZAF,2020,0.9861889377915729
ZAF,2021,1.0108788573333631
ZAF,2022,1.0219458114751356
ZAF,2023,1.0356258111111867
ZAF,2024,1.050711193386815
ZAF,2025,1.066009548362527
ZAF,2026,1.0815306473866853
ZAF,2027,1.0972777336126351
ZAF,2028,1.113254097414035
ZAF,2029,1.1294630770723832
ZAF,2030,1.1459080594745572
ZAF,2031,1.1625924808205066
ZAF,2032,1.179519827341253
ZAF,2033,1.1966936360273415
SSD,2017,1
SSD,2018,0.988770583
SSD,2019,1.100335948839454
SSD,2020,1.152275681007888
SSD,2021,1.2100671563387748
SSD,2022,1.281636341127269
SSD,2023,1.3492734930104637
SSD,2024,1.4126895455251591
SSD,2025,1.4822278774277369
SSD,2026,1.5551891691866466
SSD,2027,1.6317419128243102
SSD,2028,1.7120628942265916
SSD,2029,1.7963376014005297
SSD,2030,1.8847606528281764
SSD,2031,1.9775362469057574
SSD,2032,2.074878633506056
SSD,2033,2.1770126087530195
ESP,2017,1
ESP,2018,1.023535632
ESP,2019,1.043769307093592
ESP,2020,0.9602677625261047
ESP,2021,0.9997210539820109
ESP,2022,1.0238726471114983
ESP,2023,1.0435270497876212
ESP,2024,1.0623099439604342
ESP,2025,1.080280738524079
ESP,2026,1.0985555398976803
ESP,2027,1.1171394908778005
ESP,2028,1.1360378212602253
ESP,2029,1.1552558493117056
ESP,2030,1.1747989832665948
ESP,2031,1.1946727228488054
ESP,2032,1.214882660819513
ESP,2033,1.235434484551038
LKA,2017,1
LKA,2018,1.032091511
LKA,2019,1.0592533615694337
LKA,2020,1.0889738394256807
LKA,2021,1.1370593871876884
LKA,2022,1.1845683436209804
LKA,2023,1.2357176019452976
LKA,2024,1.2909740404412684
LKA,2025,1.3495306180329996
LKA,2026,1.4107432310459265
LKA,2027,1.4747323531219316
LKA,2028,1.541623922400198
LKA,2029,1.6115495893783194
LKA,2030,1.6846469760160074
LKA,2031,1.7610599465913397
LKA,2032,1.8409388908426256
LKA,2033,1.9244410199531494
KNA,2017,1
KNA,2018,1.029239388
KNA,2019,1.0591838337954975
KNA,2020,0.9733899432580624
KNA,2021,1.0566147834066266
KNA,2022,1.0851433825586054
KNA,2023,1.1141579289591632
KNA,2024,1.1441863970396187
KNA,2025,1.1751637997762332
KNA,2026,1.2069798765984592
KNA,2027,1.2396573335487582
KNA,2028,1.2732194914070356
KNA,2029,1.3076903023338828
KNA,2030,1.343094366964411
KNA,2031,1.3794569519648814
KNA,2032,1.416804008064657
KNA,2033,1.4551621885763493
LCA,2017,1
LCA,2018,1.026053526
LCA,2019,1.0438498200629434
LCA,2020,0.962646386591203
LCA,2021,1.0692274139309197
LCA,2022,1.092839106243703
LCA,2023,1.1088538775943872
LCA,2024,1.1251168264385776
LCA,2025,1.1416321575569992
LCA,2026,1.1583899134223823
LCA,2027,1.1753936525318291
LCA,2028,1.1926469856168038
LCA,2029,1.210153576409866
LCA,2030,1.2279171424226638
LCA,2031,1.2459414557353434
LCA,2032,1.2642303437975475
LCA,2033,1.2827876902411726
VCT,2017,1
VCT,2018,1.021631289
VCT,2019,1.0257145745631828
VCT,2020,0.9790718844053952
VCT,2021,1.0314923662939133
VCT,2022,1.0738022924337822
VCT,2023,1.1081491763126894
VCT,2024,1.1353132680998195
VCT,2025,1.1635002230688565
VCT,2026,1.1923869887885918
VCT,2027,1.221990939788744
VCT,2028,1.25232988196463
VCT,2029,1.2834220632868807
VCT,2030,1.3152861847770518
VCT,2031,1.3479414117557325
VCT,2032,1.3814073853699143
VCT,2033,1.4157042344065571
SDN,2017,1
SDN,2018,0.977059049
SDN,2019,0.9524629729111564
SDN,2020,0.9353003473473609
SDN,2021,0.9273372058018476
SDN,2022,0.9349556546644037
SDN,2023,0.947809083745916
SDN,2024,0.9630344727667394
SDN,2025,0.9787233078100301
SDN,2026,0.9946677303239423
SDN,2027,1.0108719040946943
SDN,2028,1.0273400607409209
SDN,2029,1.0440765008187338
SDN,2030,1.0610855949447848
SDN,2031,1.078371784937625
SDN,2032,1.095939584977659
SDN,2033,1.1137935827859926
SUR,2017,1
SUR,2018,1.026219882
SUR,2019,1.049822939286
SUR,2020,1.0403745328324259
SUR,2021,1.0653435216204041
SUR,2022,1.0861390271624343
SUR,2023,1.1122063638143327
SUR,2024,1.140011522909691
SUR,2025,1.168511810982433
SUR,2026,1.197724606256994
SUR,2027,1.2276677214134186
SUR,2028,1.258359414448754
SUR,2029,1.2898183998099728
SUR,2030,1.322063859805222
SUR,2031,1.3551154563003525
SUR,2032,1.3889933427078611
SUR,2033,1.4237181762755575
SWZ,2017,1
SWZ,2018,1.023510098
SWZ,2019,1.034398553580528
SWZ,2020,1.0429833964569766
SWZ,2021,1.0589418736805354
SWZ,2022,1.06892827055478
SWZ,2023,1.078635888018068
SWZ,2024,1.0886276784004274
SWZ,2025,1.0973659632282537
SWZ,2026,1.1061743892285374
SWZ,2027,1.1150535194161224
SWZ,2028,1.1240039213251067
SWZ,2029,1.1330261670451167
SWZ,2030,1.1421208332578738
SWZ,2031,1.1512885012740555
SWZ,2032,1.1605297570704507
SWZ,2033,1.169845191327414
SWE,2017,1
SWE,2018,1.022251994
SWE,2019,1.0348452440955855
SWE,2020,1.001258695955031
SWE,2021,1.0470177262557718
SWE,2022,1.0643640510881214
SWE,2023,1.0836722280485531
SWE,2024,1.1049408950242146
SWE,2025,1.127478809806736
SWE,2026,1.150476439317015
SWE,2027,1.1739431605374813
SWE,2028,1.1978885417165697
SWE,2029,1.2223223462700479
SWE,2030,1.2472545367619223
SWE,2031,1.2726952789665427
SWE,2032,1.2986549460135632
SWE,2033,1.3251441226174505
CHE,2017,1
CHE,2018,1.02744261
CHE,2019,1.0368610829085925
CHE,2020,0.9750019507022658
CHE,2021,1.0118256986011374
CHE,2022,1.030038561175958
CHE,2023,1.0423990239100693
CHE,2024,1.0611622063404507
CHE,2025,1.073896152816536
CHE,2026,1.0867829066503345
CHE,2027,1.0998243015301385
CHE,2028,1.1130221931485003
CHE,2029,1.1263784594662822
CHE,2030,1.1398950009798776
CHE,2031,1.153573740991636
CHE,2032,1.1674166258835357
CHE,2033,1.1814256253941382
SYR,2017,1
SYR,2018,1.1
SYR,2019,1.2100000000000002
SYR,2020,1.3310000000000004
SYR,2021,1.4641000000000004
SYR,2022,1.6105100000000006
SYR,2023,1.7715610000000008
SYR,2024,1.9487171000000012
SYR,2025,2.1435888100000016
SYR,2026,2.357947691000002
SYR,2027,2.5937424601000023
SYR,2028,2.8531167061100025
SYR,2029,3.138428376721003
SYR,2030,3.452271214393104
SYR,2031,3.7974983358324144
SYR,2032,4.177248169415656
SYR,2033,4.594972986357222
TWN,2017,1
TWN,2018,1.027452406
TWN,2019,1.055337914322994
TWN,2020,1.012797045648444
TWN,2021,1.0487256916837826
TWN,2022,1.0710766810597587
TWN,2023,1.093474751707683
TWN,2024,1.1158713660871704
TWN,2025,1.1387160593674606
TWN,2026,1.1620284409736017
TWN,2027,1.1858180856618605
TWN,2028,1.2100947642078441
TWN,2029,1.2348684474195109
TWN,2030,1.2601493102323336
TWN,2031,1.2859477358883047
TWN,2032,1.312274320200494
TWN,2033,1.3391398759049133
TJK,2017,1
TJK,2018,1.073
TJK,2019,1.1534749999999998
TJK,2020,1.1650097499999998
TJK,2021,1.22908528625
TJK,2022,1.2843941241312498
TJK,2023,1.3357698890964997
TJK,2024,1.3892006846603597
TJK,2025,1.4447687120467743
TJK,2026,1.5025594605286452
TJK,2027,1.562661838949791
TJK,2028,1.625168312507783
TJK,2029,1.6901750450080941
TJK,2030,1.757782046808418
TJK,2031,1.8280933286807548
TJK,2032,1.9012170618279851
TJK,2033,1.9772657443011046
TZA,2017,1
TZA,2018,1.06950557
TZA,2019,1.1365546591880962
TZA,2020,1.1594292980887588
TZA,2021,1.2122790188517687
TZA,2022,1.286133475176861
TZA,2023,1.3690150068959985
TZA,2024,1.461339462340055
TZA,2025,1.5593991119802249
TZA,2026,1.664038817203206
TZA,2027,1.775700116721728
TZA,2028,1.894854177635757
TZA,2029,2.0220037835737483
TZA,2030,2.1576854562433123
TZA,2031,2.3024717193434006
TZA,2032,2.4569735143908504
TZA,2033,2.621842778655117
THA,2017,1
THA,2018,1.041507621
THA,2019,1.0662108934251928
THA,2020,1.0502495489555075
THA,2021,1.099312878754068
THA,2022,1.1633636092936708
THA,2023,1.2219229405245255
THA,2024,1.268378027650077
THA,2025,1.3146597758358924
THA,2026,1.3626302951675657
THA,2027,1.4123512070854023
THA,2028,1.4638863815296987
THA,2029,1.5173020189860846
THA,2030,1.5726667355246127
THA,2031,1.6300516509418317
THA,2032,1.6895304801190711
THA,2033,1.751179627714289
TLS,2017,1
TLS,2018,0.992201422
TLS,2019,1.022959666082
TLS,2020,0.9922708760995399
TLS,2021,1.0299771693913224
TLS,2022,1.073236210505758
TLS,2023,1.1118727140839655
TLS,2024,1.1519001317909883
TLS,2025,1.1933685365354638
TLS,2026,1.2363298038507406
TLS,2027,1.2808376767893672
TLS,2028,1.3269478331537845
TLS,2029,1.3747179551473208
TLS,2030,1.4242078015326243
TLS,2031,1.475479282387799
TLS,2032,1.5285965365537597
TLS,2033,1.5836260118696952
TGO,2017,1
TGO,2018,1.049101475
TGO,2019,1.104703853175
TGO,2020,1.11575089170675
TGO,2021,1.16038092737502
TGO,2022,1.224201878380646
TGO,2023,1.2915329816915815
TGO,2024,1.3625672956846184
TGO,2025,1.4375084969472725
TGO,2026,1.5165714642793722
TGO,2027,1.5999828948147377
TGO,2028,1.6879819540295482
TGO,2029,1.7808209615011732
TGO,2030,1.8787661143837375
TGO,2031,1.982098250674843
TGO,2032,2.0911136544619593
TGO,2033,2.206124905457367
TON,2017,1
TON,2018,1.004357505
TON,2019,1.0090673059401494
TON,2020,1.0203688537122753
TON,2021,1.0509122841741754
TON,2022,1.0873452986309782
TON,2023,1.113173419263847
TON,2024,1.1330539351212805
TON,2025,1.153402948152801
TON,2026,1.1741174180425715
TON,2027,1.1952039081907444
TON,2028,1.2166690998724576
TON,2029,1.2385197943548019
TON,2030,1.2607629150518096
TON,2031,1.2834055097181447
TON,2032,1.3064547526821915
TON,2033,1.3299179471192475
TTO,2017,1
TTO,2018,0.997547795
TTO,2019,0.9975151751871035
TTO,2020,0.9622404729834569
TTO,2021,0.9827575808525166
TTO,2022,1.0186241570579455
TTO,2023,1.0356166262417925
TTO,2024,1.0505347686633688
TTO,2025,1.0656257310807262
TTO,2026,1.080933475610847
TTO,2027,1.0964611163350675
TTO,2028,1.112211812068593
TTO,2029,1.128188767003101
TTO,2030,1.1443952313585746
TTO,2031,1.1608345020445021
TTO,2032,1.177509923330572
TTO,2033,1.1944248875270032
TUN,2017,1
TUN,2018,1.026635935
TUN,2019,1.0373463246582468
TUN,2020,0.9929910379350921
TUN,2021,1.0335716175772511
TUN,2022,1.061020103574522
TUN,2023,1.089378808051298
TUN,2024,1.1222829687785234
TUN,2025,1.1594574945265685
TUN,2026,1.1978633900833313
TUN,2027,1.2375414433694463
TUN,2028,1.2785337933655274
TUN,2029,1.3208839748647105
TUN,2030,1.3646369647075767
TUN,2031,1.4098392295485636
TUN,2032,1.4565387752045933
TUN,2033,1.5047851976383233
TUR,2017,1
TUR,2018,1.028267761
TUR,2019,1.0379053795085629
TUR,2020,0.986030204381282
TUR,2021,1.0353650207285896
TUR,2022,1.0767796743613494
TUR,2023,1.1144669898834885
TUR,2024,1.1534733434451463
TUR,2025,1.19384496006508
TUR,2026,1.235629585002691
TUR,2027,1.2788766736098574
TUR,2028,1.3236374121778993
TUR,2029,1.3699647785205342
TUR,2030,1.4179136046772385
TUR,2031,1.4675406418112267
TUR,2032,1.5189046273788671
TUR,2033,1.5720663546500262
TKM,2017,1
TKM,2018,1.061534451
TKM,2019,1.128908613779599
TKM,2020,1.1497354457748437
TKM,2021,1.2230406301456025
TKM,2022,1.2955784422103633
TKM,2023,1.3710421603855172
TKM,2024,1.4494012603127961
TKM,2025,1.5310073255961578
TKM,2026,1.617208081165352
TKM,2027,1.7082622232183804
TKM,2028,1.8044430134013383
TKM,2029,1.9060390988911196
TKM,2030,2.013355378651481
TKM,2031,2.1267139184621766
TKM,2032,2.2464549174672443
TKM,2033,2.372937729143148
TUV,2017,1
TUV,2018,1.036624126
TUV,2019,1.09882157356
TUV,2020,1.1156153735219276
TUV,2021,1.155207569114923
TUV,2022,1.2004498561196217
TUV,2023,1.2454183175836595
TUV,2024,1.2916012446904777
TUV,2025,1.331657667634057
TUV,2026,1.3729563602221038
TUV,2027,1.41553584895689
TUV,2028,1.4594358551629107
TUV,2029,1.5046973320418988
TUV,2030,1.5513625028770275
TUV,2031,1.5994749004219404
TUV,2032,1.6490794075113515
TUV,2033,1.700222298931104
UGA,2017,1
UGA,2018,1.063312113
UGA,2019,1.1246916037569357
UGA,2020,1.1822201877472605
UGA,2021,1.2457170555159176
UGA,2022,1.3161267200232527
UGA,2023,1.395224756647109
UGA,2024,1.5039939449471598
UGA,2025,1.653785981567088
UGA,2026,1.8184967313308606
UGA,2027,1.9996120409289335
UGA,2028,2.1987657416913384
UGA,2029,2.4177543882910055
UGA,2030,2.6585534653654825
UGA,2031,2.9233352082561126
UGA,2032,3.2144881986245744
UGA,2033,3.5346389117177814
UKR,2017,1
UKR,2018,1.032765675
UKR,2019,1.0655328192143942
UKR,2020,0.9831607604028626
UKR,2021,1.0182082697091048
UKR,2022,1.0589895412182442
UKR,2023,1.1046342937470028
UKR,2024,1.1541238045546822
UKR,2025,1.2077552348909413
UKR,2026,1.2638788851333853
UKR,2027,1.3226105672232928
UKR,2028,1.3840714748123237
UKR,2029,1.4483884333473243
UKR,2030,1.5156941617764186
UKR,2031,1.5861275464164244
UKR,2032,1.6598339275467198
UKR,2033,1.7369653993209542
ARE,2017,1
ARE,2018,1.017263493
ARE,2019,1.0304039382213355
ARE,2020,1.0069389553153727
ARE,2021,1.0398356952908399
ARE,2022,1.0586059378799173
ARE,2023,1.0814751565124041
ARE,2024,1.1055795766052252
ARE,2025,1.1291462092567244
ARE,2026,1.1532151903472534
ARE,2027,1.1777972279808473
ARE,2028,1.20290325851644
ARE,2029,1.2285444514333665
ARE,2030,1.2547322143005764
ARE,2031,1.2814781978517744
ARE,2032,1.3087943011687422
ARE,2033,1.336692676975148
GBR,2017,1
GBR,2018,1.013407212
GBR,2019,1.0276824997265186
GBR,2020,0.9608587040928639
GBR,2021,0.9996274118684286
GBR,2022,1.0270508344182685
GBR,2023,1.045165634541776
GBR,2024,1.0618893758473669
GBR,2025,1.0784183009401584
GBR,2026,1.0952045083553248
GBR,2027,1.1122520028416947
GBR,2028,1.1295648514843393
GBR,2029,1.1471471846748718
GBR,2030,1.1650031970968502
GBR,2031,1.18313714872652
GBR,2032,1.2015533658491317
GBR,2033,1.220256242091079
USA,2017,1
USA,2018,1.029271431
USA,2019,1.053289687755214
USA,2020,0.9910707767979763
USA,2021,1.0380384098027706
USA,2022,1.0691990626864205
USA,2023,1.0923660659578622
USA,2024,1.11506177775161
USA,2025,1.137337035712406
USA,2026,1.160057279885733
USA,2027,1.183231399628998
USA,2028,1.206868461879661
USA,2029,1.2309777147026977
USA,2030,1.2555685909089322
USA,2031,1.2806507117456485
USA,2032,1.3062338906609299
USA,2033,1.3323281371431976
URY,2017,1
URY,2018,1.016200836
URY,2019,1.0184580385723374
URY,2020,1.0011442519166078
URY,2021,1.049199176008605
URY,2022,1.07542915540882
URY,2023,1.0990885968278141
URY,2024,1.123268545958026
URY,2025,1.1479804539691025
URY,2026,1.1732360239564228
URY,2027,1.1990472164834642
URY,2028,1.2254262552461004
URY,2029,1.2523856328615146
URY,2030,1.2799381167844681
URY,2031,1.3080967553537264
URY,2032,1.3368748839715083
URY,2033,1.3662861314188817
UZB,2017,1
UZB,2018,1.054000739
UZB,2019,1.1130247972480118
UZB,2020,1.133059243598476
UZB,2021,1.2123733906503693
UZB,2022,1.2851157940893916
UZB,2023,1.3622227417347552
UZB,2024,1.4439561062388406
UZB,2025,1.5305934726131711
UZB,2026,1.6224290809699615
UZB,2027,1.719774825828159
UZB,2028,1.8229613153778488
UZB,2029,1.9323389943005198
UZB,2030,2.048279333958551
UZB,2031,2.1711760939960643
UZB,2032,2.3014466596358285
UZB,2033,2.4395334592139784
VUT,2017,1
VUT,2018,1.028
VUT,2019,1.0579147999999998
VUT,2020,1.0180089091342892
VUT,2021,1.0824374133561996
VUT,2022,1.1259213088603397
VUT,2023,1.1653285546704515
VUT,2024,1.2026190684199058
VUT,2025,1.2374950214040832
VUT,2026,1.2733823770248014
VUT,2027,1.3103104659585205
VUT,2028,1.3483094694713176
VUT,2029,1.3874104440859856
VUT,2030,1.4276453469644792
VUT,2031,1.4690470620264489
VUT,2032,1.5116494268252159
VUT,2033,1.5554872602031469
VEN,2017,1
VEN,2018,0.803785474
VEN,2019,0.5224605581
VEN,2020,0.444091474385
VEN,2021,0.42188690066574996
VEN,2022,0.413449162652435
VEN,2023,0.4051801793993863
VEN,2024,0.39707657581139855
VEN,2025,0.38913504429517054
VEN,2026,0.38135234340926716
VEN,2027,0.3737252965410818
VEN,2028,0.36625079061026017
VEN,2029,0.35892577479805493
VEN,2030,0.35174725930209383
VEN,2031,0.34471231411605197
VEN,2032,0.3378180678337309
VEN,2033,0.3310617064770563
VNM,2017,1
VNM,2018,1.070757967
VNM,2019,1.1458977306151898
VNM,2020,1.1871500489173368
VNM,2021,1.2666891021947984
VNM,2022,1.3490238938374601
VNM,2023,1.436710446936895
VNM,2024,1.530096625987793
VNM,2025,1.6295529066769994
VNM,2026,1.7354738456110044
VNM,2027,1.8482796455757196
VNM,2028,1.9684178225381412
VNM,2029,2.0963649810031204
VNM,2030,2.232628704768323
VNM,2031,2.377749570578264
VNM,2032,2.532303292665851
VNM,2033,2.696903006689131
PSE,2017,1
PSE,2018,1.012270774
PSE,2019,1.0241302802591368
PSE,2020,0.9724577613654051
PSE,2021,1.0354395912040475
PSE,2022,1.0674178310764224
PSE,2023,1.0970019994121174
PSE,2024,1.1187208519842204
PSE,2025,1.140877345558101
PSE,2026,1.1634726529849801
PSE,2027,1.1865154650622962
PSE,2028,1.2100146447104945
PSE,2029,1.2339792303819586
PSE,2030,1.2584184395374571
PSE,2031,1.2833416721914397
PSE,2032,1.3087585145275504
PSE,2033,1.3346787425857471
YEM,2017,1
YEM,2018,1.007524476
YEM,2019,1.0286824899959999
YEM,2020,1.0286824899959999
YEM,2021,1.1704710119836903
YEM,2022,1.266196078171969
YEM,2023,1.349387276321514
YEM,2024,1.4115248790595736
YEM,2025,1.4768215682769081
YEM,2026,1.545138861442496
YEM,2027,1.61661649072839
YEM,2028,1.691400652272208
YEM,2029,1.7696443051981117
YEM,2030,1.8515074844703985
YEM,2031,1.937157628219604
YEM,2032,2.0267699202106013
YEM,2033,2.1205276481531694
ZMB,2017,1
ZMB,2018,1.040348116
ZMB,2019,1.0561608892698382
ZMB,2020,1.0723561427264514
ZMB,2021,1.088061117998811
ZMB,2022,1.104808344731253
ZMB,2023,1.1213253885773866
ZMB,2024,1.1383270777405752
ZMB,2025,1.155073567438139
ZMB,2026,1.1720664229849165
ZMB,2027,1.1893092687901277
ZMB,2028,1.2068057825834595
ZMB,2029,1.2245596961994898
ZMB,2030,1.242574796373651
ZMB,2031,1.2608549255499037
ZMB,2032,1.2794039827002917
ZMB,2033,1.2982259241565552
ZWE,2017,1
ZWE,2018,1.034971619
ZWE,2019,0.94931237510847
ZWE,2020,0.879227908088782
ZWE,2021,0.9013498528752082
ZWE,2022,0.9238249050973688
ZWE,2023,0.943779523047472
ZWE,2024,0.9641651607452975
ZWE,2025,0.984991128217396
ZWE,2026,1.0062669365868917
ZWE,2027,1.0280023024171687
ZWE,2028,1.0502071521493797
ZWE,2029,1.0728916266358062
ZWE,2030,1.0960660857711397
ZWE,2031,1.1197411132237964
ZWE,2032,1.1439275212694304
ZWE,2033,1.1686363557288504
